br17.10.sop.ajn.txt;FEASIBILITY;1.000000;0;2.000000;2.000000;0.000000;0.044413;0.044413;2
br17.12.sop.ajn.txt;FEASIBILITY;2.000000;0;3.000000;3.000000;0.000000;0.205052;0.240290;2
esc07.sop.ajn.txt;FEASIBILITY;2.000000;0;3.000000;3.000000;0.000000;0.039843;0.039843;2
esc11.sop.ajn.txt;FEASIBILITY;0.000000;0;1.000000;1.000000;0.000000;0.012808;0.012808;2
esc12.sop.ajn.txt;FEASIBILITY;5.000000;1;6.000000;6.000000;0.000000;2.012030;6.247173;2
esc25.sop.ajn.txt;FEASIBILITY;1.000000;0;2.000000;2.000000;0.000000;0.059287;0.059287;2
esc47.sop.ajn.txt;FEASIBILITY;1.000000;0;2.000000;2.000000;0.000000;0.188802;0.188802;2
br17.10.sop.ajn.txt;MULTIFLOW;1.000000;1;16.000000;16.000000;0.000000;0.231351;0.000000;2
br17.12.sop.ajn.txt;MULTIFLOW;2.000000;1;15.000000;15.000000;0.000000;0.259270;0.000000;2
esc07.sop.ajn.txt;MULTIFLOW;2.000000;1;6.000000;6.000000;0.000000;0.038919;0.000000;2
esc11.sop.ajn.txt;MULTIFLOW;0.000000;0;12.000000;12.000000;0.000000;0.060455;0.000000;2
esc12.sop.ajn.txt;MULTIFLOW;5.000000;1;8.000000;8.000000;0.000000;0.112339;0.000000;2
esc25.sop.ajn.txt;MULTIFLOW;1.000000;1;25.000000;25.000000;0.000000;0.891184;0.000000;2
esc47.sop.ajn.txt;MULTIFLOW;1.000000;1;47.000000;47.000000;0.000000;7.112816;0.000000;2
esc63.sop.ajn.txt;MULTIFLOW;35.000000;2;29.000000;31.000000;0.000000;18001.887824;0.000000;9
br17.10.sop.ajn.txt;MULTIFLOW;1.000000;1;16.000000;16.000000;0.000000;0.173881;0.000000;2
br17.12.sop.ajn.txt;MULTIFLOW;2.000000;1;15.000000;15.000000;0.000000;0.163684;0.000000;2
esc07.sop.ajn.txt;MULTIFLOW;2.000000;1;6.000000;6.000000;0.000000;0.014375;0.000000;2
esc11.sop.ajn.txt;MULTIFLOW;0.000000;0;12.000000;12.000000;0.000000;0.036613;0.000000;2
esc12.sop.ajn.txt;MULTIFLOW;5.000000;1;8.000000;8.000000;0.000000;0.077916;0.000000;2
esc25.sop.ajn.txt;MULTIFLOW;1.000000;1;25.000000;25.000000;0.000000;0.508539;0.000000;2
esc47.sop.ajn.txt;MULTIFLOW;1.000000;1;47.000000;47.000000;0.000000;3.338993;0.000000;2
esc12.sop.ajn.txt;FEASIBILITY;5.000000;1;6.000000;6.000000;0.000000;1.241626;4.042491;2
br17.10.sop.ajn.txt;FEASIBILITY;1.000000;0;2.000000;2.000000;0.000000;0.021302;0.021302;2
br17.12.sop.ajn.txt;FEASIBILITY;2.000000;0;3.000000;3.000000;0.000000;0.126619;0.148419;2
esc07.sop.ajn.txt;FEASIBILITY;2.000000;0;3.000000;3.000000;0.000000;0.023121;0.023121;2
esc11.sop.ajn.txt;FEASIBILITY;0.000000;0;1.000000;1.000000;0.000000;0.003753;0.003753;2
esc12.sop.ajn.txt;FEASIBILITY;5.000000;1;6.000000;6.000000;0.000000;1.244667;4.044927;2
esc25.sop.ajn.txt;FEASIBILITY;1.000000;0;2.000000;2.000000;0.000000;0.034015;0.034015;2
esc47.sop.ajn.txt;FEASIBILITY;1.000000;0;2.000000;2.000000;0.000000;0.099558;0.099558;2
esc63.sop.ajn.txt;MULTIFLOW;35.000000;2;29.000000;31.000000;0.000000;18001.629690;0.000000;9
esc78.sop.ajn.txt;MULTIFLOW;0.000000;1;79.000000;79.000000;0.000000;18.633628;0.000000;2
ft53.1.sop.ajn.txt;MULTIFLOW;2.000000;1;51.000000;51.000000;0.000000;5.478083;0.000000;2
ft53.2.sop.ajn.txt;MULTIFLOW;5.000000;1;48.000000;48.000000;0.000000;24.665078;0.000000;2
esc78.sop.ajn.txt;FEASIBILITY;0.000000;0;1.000000;1.000000;0.000000;0.028661;0.028661;2
ft53.1.sop.ajn.txt;FEASIBILITY;2.000000;1;3.000000;3.000000;0.000000;3.656754;3.764714;2
ft53.2.sop.ajn.txt;FEASIBILITY;5.000000;1;6.000000;6.000000;0.000000;63.721983;186.799954;2
ft53.3.sop.ajn.txt;MULTIFLOW;12.000000;10362;41.000000;43.000000;0.000000;18000.783345;0.000000;9
ft53.4.sop.ajn.txt;MULTIFLOW;11.000000;1;42.000000;42.000000;0.000000;347.265667;0.000000;2
ft70.1.sop.ajn.txt;MULTIFLOW;3.000000;1;67.000000;67.000000;0.000000;25.144310;0.000000;2
ft70.2.sop.ajn.txt;MULTIFLOW;10.000000;10141;60.000000;60.000000;0.000000;669.212362;0.000000;2
kro124p.1.sop.ajn.txt;MULTIFLOW;3.000000;1;97.000000;97.000000;0.000000;58.468249;0.000000;2
ft70.1.sop.ajn.txt;FEASIBILITY;3.000000;1;4.000000;4.000000;0.000000;21.377030;28.963603;2
kro124p.2.sop.ajn.txt;MULTIFLOW;12.000000;130;88.000000;91.000000;0.000000;18006.468340;0.000000;9
p43.1.sop.ajn.txt;MULTIFLOW;3.000000;1;40.000000;40.000000;0.000000;3.763720;0.000000;2
p43.2.sop.ajn.txt;MULTIFLOW;3.000000;1;40.000000;40.000000;0.000000;6.442530;0.000000;2
p43.3.sop.ajn.txt;MULTIFLOW;8.000000;21672;35.000000;35.000000;0.000000;2558.620679;0.000000;2
p43.4.sop.ajn.txt;MULTIFLOW;9.000000;1;34.000000;34.000000;0.000000;58.438583;0.000000;2
prob.100.sop.ajn.txt;MULTIFLOW;0.000000;0;99.000000;99.000000;0.000000;37.760969;0.000000;2
prob.42.sop.ajn.txt;MULTIFLOW;1.000000;1;40.000000;40.000000;0.000000;2.300233;0.000000;2
rbg048a.sop.ajn.txt;MULTIFLOW;31.000000;4119;18.000000;20.000000;0.000000;18000.565366;0.000000;9
kro124p.1.sop.ajn.txt;FEASIBILITY;3.000000;1;4.000000;4.000000;0.000000;84.036314;87.806424;2
rbg109a.sop.ajn.txt;MULTIFLOW;73.000000;1340;37.000000;40.000000;0.000000;18003.365332;0.000000;9
p43.1.sop.ajn.txt;FEASIBILITY;3.000000;1;4.000000;4.000000;0.000000;7.988044;8.913684;2
p43.2.sop.ajn.txt;FEASIBILITY;3.000000;1;4.000000;4.000000;0.000000;9.743146;11.742117;2
prob.100.sop.ajn.txt;FEASIBILITY;0.000000;0;1.000000;1.000000;0.000000;0.060904;0.060904;2
prob.42.sop.ajn.txt;FEASIBILITY;1.000000;0;2.000000;2.000000;0.000000;0.067906;0.067906;2
ry48p.1.sop.ajn.txt;MULTIFLOW;1.000000;1;47.000000;47.000000;0.000000;3.992610;0.000000;2
ry48p.2.sop.ajn.txt;MULTIFLOW;4.000000;1;44.000000;44.000000;0.000000;10.967427;0.000000;2
ry48p.3.sop.ajn.txt;MULTIFLOW;11.000000;226920;37.000000;37.000000;0.000000;16527.445349;0.000000;2
ry48p.1.sop.ajn.txt;FEASIBILITY;1.000000;0;2.000000;2.000000;0.000000;0.232896;0.232896;2
ry48p.2.sop.ajn.txt;FEASIBILITY;4.000000;1;5.000000;5.000000;0.000000;20.552327;36.971094;2
n20o0.2-10.rcp;MULTIFLOW;10.000000;1;13.000000;13.000000;0.000000;2.892047;0.000000;2
n20o0.2-1.rcp;MULTIFLOW;9.000000;1;14.000000;14.000000;0.000000;2.770947;0.000000;2
n20o0.2-2.rcp;MULTIFLOW;11.000000;111;12.000000;12.000000;0.000000;9.632586;0.000000;2
n20o0.2-10.rcp;MULTIFLOW;10.000000;1;13.000000;13.000000;0.000000;2.767813;0.000000;2
n20o0.2-1.rcp;MULTIFLOW;9.000000;1;14.000000;14.000000;0.000000;2.816249;0.000000;2
n20o0.2-2.rcp;MULTIFLOW;11.000000;111;12.000000;12.000000;0.000000;9.761345;0.000000;2
n20o0.2-3.rcp;MULTIFLOW;11.000000;163016;12.000000;12.000000;0.000000;741.710647;0.000000;2
n20o0.2-4.rcp;MULTIFLOW;10.000000;1;13.000000;13.000000;0.000000;2.721845;0.000000;2
n20o0.2-5.rcp;MULTIFLOW;10.000000;1656;13.000000;13.000000;0.000000;55.166376;0.000000;2
n20o0.2-6.rcp;MULTIFLOW;10.000000;725;13.000000;13.000000;0.000000;20.259813;0.000000;2
n20o0.2-7.rcp;MULTIFLOW;9.000000;21;14.000000;14.000000;0.000000;7.272480;0.000000;2
n20o0.2-8.rcp;MULTIFLOW;10.000000;91;13.000000;13.000000;0.000000;9.801785;0.000000;2
n20o0.2-9.rcp;MULTIFLOW;9.000000;1;14.000000;14.000000;0.000000;4.274804;0.000000;2
n20o0.510.rcp;MULTIFLOW;7.000000;1;16.000000;16.000000;0.000000;1.290758;0.000000;2
n20o0.51.rcp;MULTIFLOW;8.000000;1;15.000000;15.000000;0.000000;2.659986;0.000000;2
n20o0.52.rcp;MULTIFLOW;10.000000;2168;13.000000;13.000000;0.000000;50.970082;0.000000;2
n20o0.53.rcp;MULTIFLOW;8.000000;1;15.000000;15.000000;0.000000;3.096172;0.000000;2
n20o0.54.rcp;MULTIFLOW;8.000000;1;15.000000;15.000000;0.000000;2.669242;0.000000;2
n20o0.55.rcp;MULTIFLOW;8.000000;1;15.000000;15.000000;0.000000;1.474176;0.000000;2
n20o0.56.rcp;MULTIFLOW;9.000000;272;14.000000;14.000000;0.000000;6.687968;0.000000;2
n20o0.57.rcp;MULTIFLOW;7.000000;1;16.000000;16.000000;0.000000;2.655690;0.000000;2
n20o0.58.rcp;MULTIFLOW;8.000000;237;15.000000;15.000000;0.000000;9.128976;0.000000;2
n20o0.59.rcp;MULTIFLOW;10.000000;29072;13.000000;13.000000;0.000000;132.921921;0.000000;2
n20o0.7-10.rcp;MULTIFLOW;9.000000;1;14.000000;14.000000;0.000000;0.406710;0.000000;2
n20o0.7-1.rcp;MULTIFLOW;9.000000;1;14.000000;14.000000;0.000000;1.227156;0.000000;2
n20o0.7-2.rcp;MULTIFLOW;9.000000;1;14.000000;14.000000;0.000000;0.817584;0.000000;2
n20o0.7-3.rcp;MULTIFLOW;8.000000;1;15.000000;15.000000;0.000000;0.544623;0.000000;2
n20o0.7-4.rcp;MULTIFLOW;9.000000;1;14.000000;14.000000;0.000000;0.928609;0.000000;2
n20o0.7-5.rcp;MULTIFLOW;9.000000;1;14.000000;14.000000;0.000000;1.260415;0.000000;2
n20o0.7-6.rcp;MULTIFLOW;9.000000;1;14.000000;14.000000;0.000000;0.477574;0.000000;2
n20o0.7-7.rcp;MULTIFLOW;8.000000;1;15.000000;15.000000;0.000000;0.912898;0.000000;2
n20o0.7-8.rcp;MULTIFLOW;8.000000;1;15.000000;15.000000;0.000000;0.399218;0.000000;2
n20o0.7-9.rcp;MULTIFLOW;10.000000;211;13.000000;13.000000;0.000000;5.349310;0.000000;2
n20o0.8-10.rcp;MULTIFLOW;7.000000;1;16.000000;16.000000;0.000000;0.302755;0.000000;2
n20o0.8-1.rcp;MULTIFLOW;7.000000;1;16.000000;16.000000;0.000000;0.197638;0.000000;2
n20o0.8-2.rcp;MULTIFLOW;8.000000;1;15.000000;15.000000;0.000000;0.239785;0.000000;2
n20o0.8-3.rcp;MULTIFLOW;8.000000;1;15.000000;15.000000;0.000000;0.160291;0.000000;2
n20o0.8-4.rcp;MULTIFLOW;8.000000;1;15.000000;15.000000;0.000000;0.278767;0.000000;2
n20o0.8-5.rcp;MULTIFLOW;7.000000;1;16.000000;16.000000;0.000000;0.272729;0.000000;2
n20o0.8-6.rcp;MULTIFLOW;7.000000;1;16.000000;16.000000;0.000000;0.253911;0.000000;2
n20o0.8-7.rcp;MULTIFLOW;7.000000;1;16.000000;16.000000;0.000000;0.169501;0.000000;2
n20o0.8-8.rcp;MULTIFLOW;7.000000;1;16.000000;16.000000;0.000000;0.176003;0.000000;2
n20o0.8-9.rcp;MULTIFLOW;7.000000;1;16.000000;16.000000;0.000000;0.201298;0.000000;2
n20o0.9-10.rcp;MULTIFLOW;7.000000;1;16.000000;16.000000;0.000000;0.094273;0.000000;2
n20o0.9-1.rcp;MULTIFLOW;7.000000;1;16.000000;16.000000;0.000000;0.079512;0.000000;2
n20o0.9-2.rcp;MULTIFLOW;5.000000;1;18.000000;18.000000;0.000000;0.089799;0.000000;2
n20o0.9-3.rcp;MULTIFLOW;5.000000;1;18.000000;18.000000;0.000000;0.086002;0.000000;2
n20o0.9-4.rcp;MULTIFLOW;8.000000;1;15.000000;15.000000;0.000000;0.077752;0.000000;2
n20o0.95-10.rcp;MULTIFLOW;3.000000;1;20.000000;20.000000;0.000000;0.058130;0.000000;2
n20o0.95-1.rcp;MULTIFLOW;3.000000;1;20.000000;20.000000;0.000000;0.061832;0.000000;2
n20o0.95-2.rcp;MULTIFLOW;5.000000;0;18.000000;18.000000;0.000000;0.062185;0.000000;2
n20o0.95-3.rcp;MULTIFLOW;5.000000;1;18.000000;18.000000;0.000000;0.067690;0.000000;2
n20o0.95-4.rcp;MULTIFLOW;4.000000;1;19.000000;19.000000;0.000000;0.060062;0.000000;2
n20o0.95-5.rcp;MULTIFLOW;5.000000;1;18.000000;18.000000;0.000000;0.069167;0.000000;2
n20o0.95-6.rcp;MULTIFLOW;5.000000;1;18.000000;18.000000;0.000000;0.075199;0.000000;2
n20o0.95-7.rcp;MULTIFLOW;6.000000;1;17.000000;17.000000;0.000000;0.071569;0.000000;2
n20o0.95-8.rcp;MULTIFLOW;7.000000;0;16.000000;16.000000;0.000000;0.079841;0.000000;2
n20o0.95-9.rcp;MULTIFLOW;5.000000;1;18.000000;18.000000;0.000000;0.072996;0.000000;2
n20o0.9-5.rcp;MULTIFLOW;5.000000;1;18.000000;18.000000;0.000000;0.096861;0.000000;2
n20o0.9-6.rcp;MULTIFLOW;6.000000;1;17.000000;17.000000;0.000000;0.103153;0.000000;2
n20o0.9-7.rcp;MULTIFLOW;7.000000;1;16.000000;16.000000;0.000000;0.111169;0.000000;2
n20o0.9-8.rcp;MULTIFLOW;5.000000;1;18.000000;18.000000;0.000000;0.106717;0.000000;2
n20o0.9-9.rcp;MULTIFLOW;5.000000;1;18.000000;18.000000;0.000000;0.098025;0.000000;2
n10o0.2-1.rcp;MULTIFLOW;5.000000;1;8.000000;8.000000;0.000000;0.195699;0.000000;2
n10o0.2-2.rcp;MULTIFLOW;5.000000;1;8.000000;8.000000;0.000000;0.101355;0.000000;2
n10o0.2-3.rcp;MULTIFLOW;5.000000;1;8.000000;8.000000;0.000000;0.177625;0.000000;2
n10o0.2-4.rcp;MULTIFLOW;6.000000;1;7.000000;7.000000;0.000000;0.074582;0.000000;2
n10o0.2-5.rcp;MULTIFLOW;6.000000;1;7.000000;7.000000;0.000000;0.083081;0.000000;2
n10o0.2-6.rcp;MULTIFLOW;5.000000;1;8.000000;8.000000;0.000000;0.072164;0.000000;2
n10o0.2-7.rcp;MULTIFLOW;5.000000;1;8.000000;8.000000;0.000000;0.067312;0.000000;2
n10o0.2-8.rcp;MULTIFLOW;5.000000;1;8.000000;8.000000;0.000000;0.082428;0.000000;2
n10o0.2-9.rcp;MULTIFLOW;5.000000;1;8.000000;8.000000;0.000000;0.071511;0.000000;2
n10o0.5-10.rcp;MULTIFLOW;4.000000;1;9.000000;9.000000;0.000000;0.061693;0.000000;2
n10o0.5-1.rcp;MULTIFLOW;4.000000;1;9.000000;9.000000;0.000000;0.069771;0.000000;2
n10o0.5-2.rcp;MULTIFLOW;4.000000;1;9.000000;9.000000;0.000000;0.067317;0.000000;2
n10o0.5-3.rcp;MULTIFLOW;5.000000;1;8.000000;8.000000;0.000000;0.103261;0.000000;2
n10o0.5-4.rcp;MULTIFLOW;5.000000;1;8.000000;8.000000;0.000000;0.073870;0.000000;2
n10o0.5-5.rcp;MULTIFLOW;5.000000;1;8.000000;8.000000;0.000000;0.060222;0.000000;2
n10o0.5-6.rcp;MULTIFLOW;4.000000;1;9.000000;9.000000;0.000000;0.060812;0.000000;2
n10o0.5-7.rcp;MULTIFLOW;4.000000;1;9.000000;9.000000;0.000000;0.042457;0.000000;2
n10o0.5-8.rcp;MULTIFLOW;5.000000;1;8.000000;8.000000;0.000000;0.070728;0.000000;2
n10o0.5-9.rcp;MULTIFLOW;4.000000;1;9.000000;9.000000;0.000000;0.049617;0.000000;2
n10o0.7-10.rcp;MULTIFLOW;4.000000;1;9.000000;9.000000;0.000000;0.030235;0.000000;2
n10o0.7-1.rcp;MULTIFLOW;3.000000;1;10.000000;10.000000;0.000000;0.036312;0.000000;2
n10o0.7-2.rcp;MULTIFLOW;2.000000;1;11.000000;11.000000;0.000000;0.027724;0.000000;2
n10o0.7-3.rcp;MULTIFLOW;3.000000;1;10.000000;10.000000;0.000000;0.035701;0.000000;2
n10o0.7-4.rcp;MULTIFLOW;3.000000;1;10.000000;10.000000;0.000000;0.035924;0.000000;2
n10o0.7-5.rcp;MULTIFLOW;3.000000;1;10.000000;10.000000;0.000000;0.031221;0.000000;2
n10o0.7-6.rcp;MULTIFLOW;3.000000;1;10.000000;10.000000;0.000000;0.034895;0.000000;2
n10o0.7-7.rcp;MULTIFLOW;5.000000;1;8.000000;8.000000;0.000000;0.024955;0.000000;2
n10o0.7-8.rcp;MULTIFLOW;3.000000;1;10.000000;10.000000;0.000000;0.032391;0.000000;2
n10o0.7-9.rcp;MULTIFLOW;4.000000;1;9.000000;9.000000;0.000000;0.034058;0.000000;2
n10o0.8-10.rcp;MULTIFLOW;4.000000;1;9.000000;9.000000;0.000000;0.025363;0.000000;2
n10o0.8-1.rcp;MULTIFLOW;3.000000;1;10.000000;10.000000;0.000000;0.027074;0.000000;2
n10o0.8-2.rcp;MULTIFLOW;2.000000;1;11.000000;11.000000;0.000000;0.025323;0.000000;2
n10o0.8-3.rcp;MULTIFLOW;3.000000;1;10.000000;10.000000;0.000000;0.027075;0.000000;2
n10o0.8-4.rcp;MULTIFLOW;3.000000;1;10.000000;10.000000;0.000000;0.029570;0.000000;2
n10o0.8-5.rcp;MULTIFLOW;3.000000;1;10.000000;10.000000;0.000000;0.026612;0.000000;2
n10o0.8-6.rcp;MULTIFLOW;4.000000;1;9.000000;9.000000;0.000000;0.028381;0.000000;2
n10o0.8-7.rcp;MULTIFLOW;3.000000;1;10.000000;10.000000;0.000000;0.023992;0.000000;2
n10o0.8-8.rcp;MULTIFLOW;3.000000;1;10.000000;10.000000;0.000000;0.023653;0.000000;2
n10o0.8-9.rcp;MULTIFLOW;4.000000;1;9.000000;9.000000;0.000000;0.029513;0.000000;2
n10o0.95-1.rcp;MULTIFLOW;3.000000;0;10.000000;10.000000;0.000000;0.015508;0.000000;2
n10o0.95-2.rcp;MULTIFLOW;3.000000;0;10.000000;10.000000;0.000000;0.015320;0.000000;2
n10o0.95-3.rcp;MULTIFLOW;2.000000;0;11.000000;11.000000;0.000000;0.014594;0.000000;2
n10o0.95-4.rcp;MULTIFLOW;2.000000;0;11.000000;11.000000;0.000000;0.014477;0.000000;2
n10o0.95-5.rcp;MULTIFLOW;2.000000;0;11.000000;11.000000;0.000000;0.013373;0.000000;2
n10o0.95-6.rcp;MULTIFLOW;2.000000;0;11.000000;11.000000;0.000000;0.014951;0.000000;2
n10o0.95-7.rcp;MULTIFLOW;2.000000;0;11.000000;11.000000;0.000000;0.015190;0.000000;2
n10o0.95-8.rcp;MULTIFLOW;2.000000;0;11.000000;11.000000;0.000000;0.014869;0.000000;2
n10o0.95-9.rcp;MULTIFLOW;2.000000;0;11.000000;11.000000;0.000000;0.014973;0.000000;2
n10os0.9-10.rcp;MULTIFLOW;2.000000;0;11.000000;11.000000;0.000000;0.017273;0.000000;2
n10os0.9-1.rcp;MULTIFLOW;3.000000;0;10.000000;10.000000;0.000000;0.017042;0.000000;2
n10os0.9-2.rcp;MULTIFLOW;3.000000;0;10.000000;10.000000;0.000000;0.019170;0.000000;2
n10os0.9-3.rcp;MULTIFLOW;3.000000;0;10.000000;10.000000;0.000000;0.017804;0.000000;2
n10os0.9-4.rcp;MULTIFLOW;3.000000;1;10.000000;10.000000;0.000000;0.018922;0.000000;2
n10os0.9-5.rcp;MULTIFLOW;3.000000;0;10.000000;10.000000;0.000000;0.019961;0.000000;2
n10os0.9-6.rcp;MULTIFLOW;2.000000;0;11.000000;11.000000;0.000000;0.017349;0.000000;2
n10os0.9-7.rcp;MULTIFLOW;3.000000;0;10.000000;10.000000;0.000000;0.018259;0.000000;2
n10os0.9-8.rcp;MULTIFLOW;3.000000;0;10.000000;10.000000;0.000000;0.019089;0.000000;2
n10os0.9-9.rcp;MULTIFLOW;3.000000;1;10.000000;10.000000;0.000000;0.017832;0.000000;2
n20o0.2-10.rcp;MULTIFLOW;10.000000;1;13.000000;13.000000;0.000000;2.746728;0.000000;2
n20o0.2-1.rcp;MULTIFLOW;9.000000;1;14.000000;14.000000;0.000000;2.758294;0.000000;2
n20o0.2-2.rcp;MULTIFLOW;11.000000;111;12.000000;12.000000;0.000000;9.610974;0.000000;2
n10o0.2-1.rcp;FEASIBILITY;5.000000;0;6.000000;6.000000;0.000000;0.788260;0.788260;2
n10o0.2-2.rcp;FEASIBILITY;5.000000;0;6.000000;6.000000;0.000000;0.787780;1.429612;2
n10o0.2-3.rcp;FEASIBILITY;5.000000;1;6.000000;6.000000;0.000000;0.952894;0.952894;2
n10o0.2-4.rcp;FEASIBILITY;6.000000;1;7.000000;7.000000;0.000000;1.680628;5.986883;2
n10o0.2-5.rcp;FEASIBILITY;6.000000;1;7.000000;7.000000;0.000000;1.334428;6.246811;2
n10o0.2-6.rcp;FEASIBILITY;5.000000;1;6.000000;6.000000;0.000000;0.950450;1.851817;2
n10o0.2-7.rcp;FEASIBILITY;5.000000;1;6.000000;6.000000;0.000000;1.087327;1.087327;2
n10o0.2-8.rcp;FEASIBILITY;5.000000;1;6.000000;6.000000;0.000000;1.120341;1.120341;2
n10o0.2-9.rcp;FEASIBILITY;5.000000;1;6.000000;6.000000;0.000000;0.995882;1.715040;2
n10o0.5-10.rcp;FEASIBILITY;4.000000;0;5.000000;5.000000;0.000000;0.228814;0.307269;2
n10o0.5-1.rcp;FEASIBILITY;4.000000;0;5.000000;5.000000;0.000000;0.224111;0.346501;2
n10o0.5-2.rcp;FEASIBILITY;4.000000;0;5.000000;5.000000;0.000000;0.278105;0.402001;2
n10o0.5-3.rcp;FEASIBILITY;5.000000;0;6.000000;6.000000;0.000000;0.594872;0.879694;2
n10o0.5-4.rcp;FEASIBILITY;5.000000;1;6.000000;6.000000;0.000000;0.608473;0.912847;2
n10o0.5-5.rcp;FEASIBILITY;5.000000;0;6.000000;6.000000;0.000000;0.548679;0.865102;2
n10o0.5-6.rcp;FEASIBILITY;4.000000;0;5.000000;5.000000;0.000000;0.212221;0.290090;2
n10o0.5-7.rcp;FEASIBILITY;4.000000;0;5.000000;5.000000;0.000000;0.239196;0.333769;2
n10o0.5-8.rcp;FEASIBILITY;5.000000;0;6.000000;6.000000;0.000000;0.599421;0.889114;2
n10o0.5-9.rcp;FEASIBILITY;4.000000;0;5.000000;5.000000;0.000000;0.237152;0.316871;2
n10o0.7-10.rcp;FEASIBILITY;4.000000;0;5.000000;5.000000;0.000000;0.192168;0.305734;2
n10o0.7-1.rcp;FEASIBILITY;3.000000;0;4.000000;4.000000;0.000000;0.094980;0.094980;2
n10o0.7-2.rcp;FEASIBILITY;2.000000;0;3.000000;3.000000;0.000000;0.041341;0.041341;2
n10o0.7-3.rcp;FEASIBILITY;3.000000;0;4.000000;4.000000;0.000000;0.100524;0.141417;2
n10o0.7-4.rcp;FEASIBILITY;3.000000;0;4.000000;4.000000;0.000000;0.078274;0.127561;2
n10o0.7-5.rcp;FEASIBILITY;3.000000;0;4.000000;4.000000;0.000000;0.073428;0.114319;2
n10o0.7-6.rcp;FEASIBILITY;3.000000;0;4.000000;4.000000;0.000000;0.090760;0.130545;2
n10o0.7-7.rcp;FEASIBILITY;5.000000;0;6.000000;6.000000;0.000000;0.458041;0.719603;2
n10o0.7-8.rcp;FEASIBILITY;3.000000;0;4.000000;4.000000;0.000000;0.088059;0.128368;2
n10o0.7-9.rcp;FEASIBILITY;4.000000;0;5.000000;5.000000;0.000000;0.198874;0.314645;2
n10o0.8-10.rcp;FEASIBILITY;4.000000;0;5.000000;5.000000;0.000000;0.174815;0.288029;2
n10o0.8-1.rcp;FEASIBILITY;3.000000;0;4.000000;4.000000;0.000000;0.074597;0.123150;2
n10o0.8-2.rcp;FEASIBILITY;2.000000;0;3.000000;3.000000;0.000000;0.039003;0.049593;2
n10o0.8-3.rcp;FEASIBILITY;3.000000;0;4.000000;4.000000;0.000000;0.081187;0.129394;2
n10o0.8-4.rcp;FEASIBILITY;3.000000;0;4.000000;4.000000;0.000000;0.072960;0.112568;2
n10o0.8-5.rcp;FEASIBILITY;3.000000;0;4.000000;4.000000;0.000000;0.086251;0.135397;2
n10o0.8-6.rcp;FEASIBILITY;4.000000;0;5.000000;5.000000;0.000000;0.169170;0.281654;2
n10o0.8-7.rcp;FEASIBILITY;3.000000;0;4.000000;4.000000;0.000000;0.089278;0.137807;2
n10o0.8-8.rcp;FEASIBILITY;3.000000;0;4.000000;4.000000;0.000000;0.081066;0.120663;2
n10o0.8-9.rcp;FEASIBILITY;4.000000;0;5.000000;5.000000;0.000000;0.181555;0.301278;2
n10o0.95-1.rcp;FEASIBILITY;3.000000;0;4.000000;4.000000;0.000000;0.075372;0.123664;2
n10o0.95-2.rcp;FEASIBILITY;3.000000;0;4.000000;4.000000;0.000000;0.075421;0.123212;2
n10o0.95-3.rcp;FEASIBILITY;2.000000;0;3.000000;3.000000;0.000000;0.039503;0.050149;2
n10o0.95-4.rcp;FEASIBILITY;2.000000;0;3.000000;3.000000;0.000000;0.038761;0.049163;2
n10o0.95-5.rcp;FEASIBILITY;2.000000;0;3.000000;3.000000;0.000000;0.038570;0.049064;2
n10o0.95-6.rcp;FEASIBILITY;2.000000;0;3.000000;3.000000;0.000000;0.038775;0.049278;2
n10o0.95-7.rcp;FEASIBILITY;2.000000;0;3.000000;3.000000;0.000000;0.038663;0.049200;2
n10o0.95-8.rcp;FEASIBILITY;2.000000;0;3.000000;3.000000;0.000000;0.038631;0.049145;2
n10o0.95-9.rcp;FEASIBILITY;2.000000;0;3.000000;3.000000;0.000000;0.039037;0.049899;2
n10os0.9-10.rcp;FEASIBILITY;2.000000;0;3.000000;3.000000;0.000000;0.040008;0.050630;2
n10os0.9-1.rcp;FEASIBILITY;3.000000;0;4.000000;4.000000;0.000000;0.075462;0.123603;2
n10os0.9-2.rcp;FEASIBILITY;3.000000;0;4.000000;4.000000;0.000000;0.072314;0.119918;2
n10os0.9-3.rcp;FEASIBILITY;3.000000;0;4.000000;4.000000;0.000000;0.081881;0.120832;2
n10os0.9-4.rcp;FEASIBILITY;3.000000;0;4.000000;4.000000;0.000000;0.082518;0.130445;2
n10os0.9-5.rcp;FEASIBILITY;3.000000;0;4.000000;4.000000;0.000000;0.073833;0.122500;2
n10os0.9-6.rcp;FEASIBILITY;2.000000;0;3.000000;3.000000;0.000000;0.038543;0.049243;2
n10os0.9-7.rcp;FEASIBILITY;3.000000;0;4.000000;4.000000;0.000000;0.075266;0.123603;2
n10os0.9-8.rcp;FEASIBILITY;3.000000;0;4.000000;4.000000;0.000000;0.081551;0.130720;2
n10os0.9-9.rcp;FEASIBILITY;3.000000;0;4.000000;4.000000;0.000000;0.080795;0.119940;2
n20o0.2-3.rcp;MULTIFLOW;11.000000;163016;12.000000;12.000000;0.000000;764.571532;0.000000;2
n20o0.2-4.rcp;MULTIFLOW;10.000000;1;13.000000;13.000000;0.000000;2.781389;0.000000;2
n20o0.2-5.rcp;MULTIFLOW;10.000000;1656;13.000000;13.000000;0.000000;56.743698;0.000000;2
n20o0.2-6.rcp;MULTIFLOW;10.000000;725;13.000000;13.000000;0.000000;20.792015;0.000000;2
n20o0.2-7.rcp;MULTIFLOW;9.000000;21;14.000000;14.000000;0.000000;7.368632;0.000000;2
n20o0.2-8.rcp;MULTIFLOW;10.000000;91;13.000000;13.000000;0.000000;10.117751;0.000000;2
n20o0.2-9.rcp;MULTIFLOW;9.000000;1;14.000000;14.000000;0.000000;4.410650;0.000000;2
n20o0.5-10.rcp;MULTIFLOW;7.000000;1;16.000000;16.000000;0.000000;1.326845;0.000000;2
n20o0.5-1.rcp;MULTIFLOW;8.000000;1;15.000000;15.000000;0.000000;2.680035;0.000000;2
n20o0.5-2.rcp;MULTIFLOW;10.000000;2168;13.000000;13.000000;0.000000;52.427449;0.000000;2
n20o0.5-3.rcp;MULTIFLOW;8.000000;1;15.000000;15.000000;0.000000;3.176361;0.000000;2
n20o0.5-4.rcp;MULTIFLOW;8.000000;1;15.000000;15.000000;0.000000;2.753394;0.000000;2
n20o0.5-5.rcp;MULTIFLOW;8.000000;1;15.000000;15.000000;0.000000;1.482894;0.000000;2
n20o0.5-6.rcp;MULTIFLOW;9.000000;272;14.000000;14.000000;0.000000;6.758714;0.000000;2
n20o0.5-7.rcp;MULTIFLOW;7.000000;1;16.000000;16.000000;0.000000;2.749505;0.000000;2
n20o0.5-8.rcp;MULTIFLOW;8.000000;237;15.000000;15.000000;0.000000;9.441568;0.000000;2
n20o0.5-9.rcp;MULTIFLOW;10.000000;29072;13.000000;13.000000;0.000000;137.467511;0.000000;2
n20o0.7-10.rcp;MULTIFLOW;9.000000;1;14.000000;14.000000;0.000000;0.434017;0.000000;2
n20o0.7-1.rcp;MULTIFLOW;9.000000;1;14.000000;14.000000;0.000000;1.179745;0.000000;2
n20o0.7-2.rcp;MULTIFLOW;9.000000;1;14.000000;14.000000;0.000000;0.830175;0.000000;2
n20o0.7-3.rcp;MULTIFLOW;8.000000;1;15.000000;15.000000;0.000000;0.560093;0.000000;2
n20o0.7-4.rcp;MULTIFLOW;9.000000;1;14.000000;14.000000;0.000000;0.952109;0.000000;2
n20o0.7-5.rcp;MULTIFLOW;9.000000;1;14.000000;14.000000;0.000000;1.302344;0.000000;2
n20o0.7-6.rcp;MULTIFLOW;9.000000;1;14.000000;14.000000;0.000000;0.482924;0.000000;2
n20o0.7-7.rcp;MULTIFLOW;8.000000;1;15.000000;15.000000;0.000000;0.899869;0.000000;2
n20o0.7-8.rcp;MULTIFLOW;8.000000;1;15.000000;15.000000;0.000000;0.408372;0.000000;2
n20o0.7-9.rcp;MULTIFLOW;10.000000;211;13.000000;13.000000;0.000000;5.608799;0.000000;2
n20o0.8-10.rcp;MULTIFLOW;7.000000;1;16.000000;16.000000;0.000000;0.305308;0.000000;2
n20o0.8-1.rcp;MULTIFLOW;7.000000;1;16.000000;16.000000;0.000000;0.203544;0.000000;2
n20o0.8-2.rcp;MULTIFLOW;8.000000;1;15.000000;15.000000;0.000000;0.249339;0.000000;2
n20o0.8-3.rcp;MULTIFLOW;8.000000;1;15.000000;15.000000;0.000000;0.160422;0.000000;2
n20o0.8-4.rcp;MULTIFLOW;8.000000;1;15.000000;15.000000;0.000000;0.284694;0.000000;2
n20o0.8-5.rcp;MULTIFLOW;7.000000;1;16.000000;16.000000;0.000000;0.277139;0.000000;2
n20o0.8-6.rcp;MULTIFLOW;7.000000;1;16.000000;16.000000;0.000000;0.259861;0.000000;2
n20o0.8-7.rcp;MULTIFLOW;7.000000;1;16.000000;16.000000;0.000000;0.174849;0.000000;2
n20o0.8-8.rcp;MULTIFLOW;7.000000;1;16.000000;16.000000;0.000000;0.180164;0.000000;2
n20o0.8-9.rcp;MULTIFLOW;7.000000;1;16.000000;16.000000;0.000000;0.192317;0.000000;2
n20o0.9-10.rcp;MULTIFLOW;7.000000;1;16.000000;16.000000;0.000000;0.110912;0.000000;2
n20o0.9-1.rcp;MULTIFLOW;7.000000;1;16.000000;16.000000;0.000000;0.076119;0.000000;2
n20o0.9-2.rcp;MULTIFLOW;5.000000;1;18.000000;18.000000;0.000000;0.087808;0.000000;2
n20o0.9-3.rcp;MULTIFLOW;5.000000;1;18.000000;18.000000;0.000000;0.087477;0.000000;2
n20o0.9-4.rcp;MULTIFLOW;8.000000;1;15.000000;15.000000;0.000000;0.076429;0.000000;2
n20o0.95-10.rcp;MULTIFLOW;3.000000;1;20.000000;20.000000;0.000000;0.056532;0.000000;2
n20o0.95-1.rcp;MULTIFLOW;3.000000;1;20.000000;20.000000;0.000000;0.059713;0.000000;2
n20o0.95-2.rcp;MULTIFLOW;5.000000;0;18.000000;18.000000;0.000000;0.060743;0.000000;2
n20o0.95-3.rcp;MULTIFLOW;5.000000;1;18.000000;18.000000;0.000000;0.058247;0.000000;2
n20o0.95-4.rcp;MULTIFLOW;4.000000;1;19.000000;19.000000;0.000000;0.052671;0.000000;2
n20o0.95-5.rcp;MULTIFLOW;5.000000;1;18.000000;18.000000;0.000000;0.058640;0.000000;2
n20o0.95-6.rcp;MULTIFLOW;5.000000;1;18.000000;18.000000;0.000000;0.068170;0.000000;2
n20o0.95-7.rcp;MULTIFLOW;6.000000;1;17.000000;17.000000;0.000000;0.063201;0.000000;2
n20o0.95-8.rcp;MULTIFLOW;7.000000;0;16.000000;16.000000;0.000000;0.070726;0.000000;2
n20o0.95-9.rcp;MULTIFLOW;5.000000;1;18.000000;18.000000;0.000000;0.064756;0.000000;2
n20o0.9-5.rcp;MULTIFLOW;5.000000;1;18.000000;18.000000;0.000000;0.084485;0.000000;2
n20o0.9-6.rcp;MULTIFLOW;6.000000;1;17.000000;17.000000;0.000000;0.091966;0.000000;2
n20o0.9-7.rcp;MULTIFLOW;7.000000;1;16.000000;16.000000;0.000000;0.095423;0.000000;2
n20o0.9-8.rcp;MULTIFLOW;5.000000;1;18.000000;18.000000;0.000000;0.091700;0.000000;2
n20o0.9-9.rcp;MULTIFLOW;5.000000;1;18.000000;18.000000;0.000000;0.083864;0.000000;2
n30os0.9-10.rcp;MULTIFLOW;11.000000;1;22.000000;22.000000;0.000000;0.324347;0.000000;2
n30os0.9-1.rcp;MULTIFLOW;10.000000;1;23.000000;23.000000;0.000000;0.348334;0.000000;2
n30os0.9-2.rcp;MULTIFLOW;10.000000;1;23.000000;23.000000;0.000000;0.375321;0.000000;2
n30os0.9-3.rcp;MULTIFLOW;9.000000;1;24.000000;24.000000;0.000000;0.281182;0.000000;2
n30os0.9-4.rcp;MULTIFLOW;9.000000;1;24.000000;24.000000;0.000000;0.345855;0.000000;2
n30os0.95-10.rcp;MULTIFLOW;7.000000;1;26.000000;26.000000;0.000000;0.176977;0.000000;2
n30os0.95-1.rcp;MULTIFLOW;7.000000;1;26.000000;26.000000;0.000000;0.177203;0.000000;2
n30os0.95-2.rcp;MULTIFLOW;9.000000;1;24.000000;24.000000;0.000000;0.173723;0.000000;2
n30os0.95-3.rcp;MULTIFLOW;9.000000;1;24.000000;24.000000;0.000000;0.184425;0.000000;2
n30os0.95-4.rcp;MULTIFLOW;8.000000;1;25.000000;25.000000;0.000000;0.207804;0.000000;2
n30os0.95-5.rcp;MULTIFLOW;6.000000;1;27.000000;27.000000;0.000000;0.196026;0.000000;2
n30os0.95-6.rcp;MULTIFLOW;8.000000;1;25.000000;25.000000;0.000000;0.179984;0.000000;2
n30os0.95-7.rcp;MULTIFLOW;8.000000;1;25.000000;25.000000;0.000000;0.185758;0.000000;2
n30os0.95-8.rcp;MULTIFLOW;8.000000;1;25.000000;25.000000;0.000000;0.187900;0.000000;2
n30os0.95-9.rcp;MULTIFLOW;8.000000;1;25.000000;25.000000;0.000000;0.194630;0.000000;2
n30os0.9-5.rcp;MULTIFLOW;10.000000;1;23.000000;23.000000;0.000000;0.300823;0.000000;2
n30os0.9-6.rcp;MULTIFLOW;8.000000;1;25.000000;25.000000;0.000000;0.303754;0.000000;2
n30os0.9-7.rcp;MULTIFLOW;12.000000;1;21.000000;21.000000;0.000000;0.361158;0.000000;2
n30os0.9-8.rcp;MULTIFLOW;12.000000;1;21.000000;21.000000;0.000000;0.437815;0.000000;2
n30os0.9-9.rcp;MULTIFLOW;10.000000;1;23.000000;23.000000;0.000000;0.710606;0.000000;2
n30s0.2-10.rcp;MULTIFLOW;15.000000;1151;18.000000;18.000000;0.000000;347.382256;0.000000;2
n30s0.2-1.rcp;MULTIFLOW;15.000000;92104;18.000000;19.000000;0.000000;18000.188428;0.000000;9
n30s0.2-2.rcp;MULTIFLOW;14.000000;133766;19.000000;19.000000;0.000000;4704.075630;0.000000;2
n30s0.2-3.rcp;MULTIFLOW;16.000000;182152;17.000000;19.000000;0.000000;18000.190332;0.000000;9
n30s0.2-4.rcp;MULTIFLOW;15.000000;1599;18.000000;18.000000;0.000000;530.156422;0.000000;2
n30s0.2-5.rcp;MULTIFLOW;16.000000;735906;17.000000;18.000000;0.000000;18000.209788;0.000000;9
n30s0.2-6.rcp;MULTIFLOW;15.000000;1073950;18.000000;19.000000;0.000000;18000.181980;0.000000;9
n30s0.2-7.rcp;MULTIFLOW;15.000000;376110;18.000000;20.000000;0.000000;18000.180541;0.000000;9
n30s0.2-8.rcp;MULTIFLOW;15.000000;1278;18.000000;18.000000;0.000000;660.253789;0.000000;2
n30s0.2-9.rcp;MULTIFLOW;15.000000;483862;18.000000;19.000000;0.000000;18000.204625;0.000000;9
n30s0.5-10.rcp;MULTIFLOW;13.000000;387504;20.000000;21.000000;0.000000;18000.153333;0.000000;9
n30s0.5-1.rcp;MULTIFLOW;14.000000;476986;19.000000;20.000000;0.000000;18000.155521;0.000000;9
n20o0.2-7.rcp;FEASIBILITY;9.000000;24169;10.000000;10.000000;0.000000;2427.015549;2427.015549;2
n30s0.5-2.rcp;MULTIFLOW;14.000000;195080;19.000000;21.000000;0.000000;18000.156310;0.000000;9
n30s0.5-3.rcp;MULTIFLOW;13.000000;793;20.000000;20.000000;0.000000;142.453124;0.000000;2
n30s0.5-4.rcp;MULTIFLOW;12.000000;7610;21.000000;21.000000;0.000000;888.568451;0.000000;2
n30s0.5-5.rcp;MULTIFLOW;15.000000;655572;18.000000;19.000000;0.000000;18000.151072;0.000000;9
n30s0.5-6.rcp;MULTIFLOW;14.000000;249417;19.000000;19.000000;0.000000;5761.035933;0.000000;2
n30s0.5-7.rcp;MULTIFLOW;11.000000;1141;22.000000;22.000000;0.000000;168.644511;0.000000;2
n20o0.2-9.rcp;FEASIBILITY;9.000000;13257;10.000000;10.000000;0.000000;844.191948;3116.759376;2
n20o0.5-10.rcp;FEASIBILITY;7.000000;1;8.000000;8.000000;0.000000;20.948300;33.214748;2
n30s0.5-8.rcp;MULTIFLOW;13.000000;1367;20.000000;20.000000;0.000000;231.705043;0.000000;2
n20o0.5-1.rcp;FEASIBILITY;8.000000;3488;9.000000;9.000000;0.000000;151.748916;256.072991;2
n20o0.5-2.rcp;FEASIBILITY;10.000000;3070;11.000000;11.000000;0.000000;293.455722;1936.010316;2
n20o0.5-3.rcp;FEASIBILITY;8.000000;156;9.000000;9.000000;0.000000;67.275519;101.049853;2
n20o0.5-4.rcp;FEASIBILITY;8.000000;4354;9.000000;9.000000;0.000000;133.111297;166.151607;2
n20o0.5-5.rcp;FEASIBILITY;8.000000;3824;9.000000;9.000000;0.000000;138.159478;232.108607;2
n20o0.5-6.rcp;FEASIBILITY;9.000000;1821;10.000000;10.000000;0.000000;182.558437;674.392818;2
n20o0.5-7.rcp;FEASIBILITY;7.000000;1120;8.000000;8.000000;0.000000;55.632313;68.777543;2
n20o0.5-8.rcp;FEASIBILITY;8.000000;7965;9.000000;9.000000;0.000000;181.361502;221.507866;2
n20o0.5-9.rcp;FEASIBILITY;10.000000;1;11.000000;11.000000;0.000000;94.234446;2066.900322;2
n20o0.7-10.rcp;FEASIBILITY;9.000000;1;10.000000;10.000000;0.000000;23.416467;55.773814;2
n20o0.7-1.rcp;FEASIBILITY;9.000000;1;10.000000;10.000000;0.000000;46.487875;77.061301;2
n20o0.7-2.rcp;FEASIBILITY;9.000000;1;10.000000;10.000000;0.000000;35.330600;91.790986;2
n20o0.7-3.rcp;FEASIBILITY;8.000000;1;9.000000;9.000000;0.000000;17.823543;31.430547;2
n20o0.7-4.rcp;FEASIBILITY;9.000000;1;10.000000;10.000000;0.000000;33.972649;74.367356;2
n20o0.7-5.rcp;FEASIBILITY;9.000000;7032;10.000000;10.000000;0.000000;103.678361;146.225789;2
n20o0.7-6.rcp;FEASIBILITY;9.000000;1;10.000000;10.000000;0.000000;40.306142;68.507495;2
n20o0.7-7.rcp;FEASIBILITY;8.000000;1;9.000000;9.000000;0.000000;16.114468;28.688860;2
n20o0.7-8.rcp;FEASIBILITY;8.000000;1;9.000000;9.000000;0.000000;19.459361;33.193392;2
n20o0.7-9.rcp;FEASIBILITY;10.000000;12113;11.000000;11.000000;0.000000;239.654520;341.238083;2
n20o0.8-10.rcp;FEASIBILITY;7.000000;1;8.000000;8.000000;0.000000;7.173240;11.596013;2
n20o0.8-1.rcp;FEASIBILITY;7.000000;1;8.000000;8.000000;0.000000;5.728618;9.863671;2
n20o0.8-2.rcp;FEASIBILITY;8.000000;1;9.000000;9.000000;0.000000;15.561162;28.204149;2
n20o0.8-3.rcp;FEASIBILITY;8.000000;1;9.000000;9.000000;0.000000;16.188968;28.814151;2
n20o0.8-4.rcp;FEASIBILITY;8.000000;1;9.000000;9.000000;0.000000;13.228368;27.100018;2
n20o0.8-5.rcp;FEASIBILITY;7.000000;1;8.000000;8.000000;0.000000;6.129620;10.430282;2
n20o0.8-6.rcp;FEASIBILITY;7.000000;1;8.000000;8.000000;0.000000;5.176287;8.651722;2
n20o0.8-7.rcp;FEASIBILITY;7.000000;0;8.000000;8.000000;0.000000;6.037847;10.597415;2
n20o0.8-8.rcp;FEASIBILITY;7.000000;0;8.000000;8.000000;0.000000;5.679360;9.821757;2
n20o0.8-9.rcp;FEASIBILITY;7.000000;1;8.000000;8.000000;0.000000;5.756452;9.183106;2
n20o0.9-10.rcp;FEASIBILITY;7.000000;0;8.000000;8.000000;0.000000;4.832298;8.193217;2
n20o0.9-1.rcp;FEASIBILITY;7.000000;0;8.000000;8.000000;0.000000;4.853653;8.140727;2
n20o0.9-2.rcp;FEASIBILITY;5.000000;0;6.000000;6.000000;0.000000;0.766002;1.524063;2
n20o0.9-3.rcp;FEASIBILITY;5.000000;0;6.000000;6.000000;0.000000;1.305615;2.060111;2
n20o0.9-4.rcp;FEASIBILITY;8.000000;1;9.000000;9.000000;0.000000;11.936397;22.182424;2
n20o0.95-10.rcp;FEASIBILITY;3.000000;0;4.000000;4.000000;0.000000;0.223927;0.342327;2
n20o0.95-1.rcp;FEASIBILITY;3.000000;0;4.000000;4.000000;0.000000;0.260765;0.378531;2
n20o0.95-2.rcp;FEASIBILITY;5.000000;0;6.000000;6.000000;0.000000;0.919709;1.687299;2
n20o0.95-3.rcp;FEASIBILITY;5.000000;0;6.000000;6.000000;0.000000;1.078657;1.845578;2
n20o0.95-4.rcp;FEASIBILITY;4.000000;0;5.000000;5.000000;0.000000;0.535000;0.894607;2
n20o0.95-5.rcp;FEASIBILITY;5.000000;0;6.000000;6.000000;0.000000;1.388068;2.149845;2
n20o0.95-6.rcp;FEASIBILITY;5.000000;0;6.000000;6.000000;0.000000;0.867385;1.630193;2
n20o0.95-7.rcp;FEASIBILITY;6.000000;0;7.000000;7.000000;0.000000;2.454901;4.223736;2
n20o0.95-8.rcp;FEASIBILITY;7.000000;0;8.000000;8.000000;0.000000;2.773702;6.072435;2
n20o0.95-9.rcp;FEASIBILITY;5.000000;0;6.000000;6.000000;0.000000;1.099519;1.868799;2
n20o0.9-5.rcp;FEASIBILITY;5.000000;0;6.000000;6.000000;0.000000;1.259928;2.017824;2
n20o0.9-6.rcp;FEASIBILITY;6.000000;0;7.000000;7.000000;0.000000;1.997606;3.531349;2
n20o0.9-7.rcp;FEASIBILITY;7.000000;0;8.000000;8.000000;0.000000;4.437777;7.863179;2
n20o0.9-8.rcp;FEASIBILITY;5.000000;0;6.000000;6.000000;0.000000;1.108048;1.882899;2
n20o0.9-9.rcp;FEASIBILITY;5.000000;0;6.000000;6.000000;0.000000;1.122024;1.875634;2
n30os0.9-10.rcp;FEASIBILITY;11.000000;1;12.000000;12.000000;0.000000;158.983707;468.534390;2
n30os0.9-1.rcp;FEASIBILITY;10.000000;1;11.000000;11.000000;0.000000;132.691356;330.904211;2
n30os0.9-2.rcp;FEASIBILITY;10.000000;1;11.000000;11.000000;0.000000;125.594299;304.433589;2
n30os0.9-3.rcp;FEASIBILITY;9.000000;1;10.000000;10.000000;0.000000;94.707482;184.243802;2
n30os0.9-4.rcp;FEASIBILITY;9.000000;1;10.000000;10.000000;0.000000;88.958176;173.895882;2
n30os0.95-10.rcp;FEASIBILITY;7.000000;1;8.000000;8.000000;0.000000;31.358520;40.758030;2
n30os0.95-1.rcp;FEASIBILITY;7.000000;1;8.000000;8.000000;0.000000;26.977771;34.340613;2
n30os0.95-2.rcp;FEASIBILITY;9.000000;1;10.000000;10.000000;0.000000;89.445809;176.864636;2
n30os0.95-3.rcp;FEASIBILITY;9.000000;1;10.000000;10.000000;0.000000;87.562299;169.612874;2
n30os0.95-4.rcp;FEASIBILITY;8.000000;1;9.000000;9.000000;0.000000;58.345115;93.438801;2
n30os0.95-5.rcp;FEASIBILITY;6.000000;0;7.000000;7.000000;0.000000;6.132420;9.314974;2
n30os0.95-6.rcp;FEASIBILITY;8.000000;1;9.000000;9.000000;0.000000;48.682074;81.015662;2
n30os0.95-7.rcp;FEASIBILITY;8.000000;1;9.000000;9.000000;0.000000;54.084737;85.475138;2
n30os0.95-8.rcp;FEASIBILITY;8.000000;1;9.000000;9.000000;0.000000;60.034027;101.375319;2
n30os0.95-9.rcp;FEASIBILITY;8.000000;1;9.000000;9.000000;0.000000;57.766241;92.666009;2
n30os0.9-5.rcp;FEASIBILITY;10.000000;1;11.000000;11.000000;0.000000;122.836194;308.550528;2
n30os0.9-6.rcp;FEASIBILITY;8.000000;1;9.000000;9.000000;0.000000;60.450208;97.118500;2
n30os0.9-7.rcp;FEASIBILITY;12.000000;1;13.000000;13.000000;0.000000;198.753132;658.561740;2
n30os0.9-8.rcp;FEASIBILITY;12.000000;1;13.000000;13.000000;0.000000;192.593702;648.901404;2
n30os0.9-9.rcp;FEASIBILITY;10.000000;1;11.000000;11.000000;0.000000;117.325021;297.981071;2
n30s0.5-9.rcp;MULTIFLOW;16.000000;525261;17.000000;19.000000;0.000000;18000.149629;0.000000;9
n30s0.7-10.rcp;MULTIFLOW;12.000000;3038;21.000000;21.000000;0.000000;137.001555;0.000000;2
n30s0.7-1.rcp;MULTIFLOW;13.000000;1;20.000000;20.000000;0.000000;22.108762;0.000000;2
n30s0.7-2.rcp;MULTIFLOW;12.000000;1637;21.000000;21.000000;0.000000;87.293242;0.000000;2
n30s0.7-3.rcp;MULTIFLOW;13.000000;7934;20.000000;20.000000;0.000000;203.782702;0.000000;2
n30s0.7-4.rcp;MULTIFLOW;14.000000;27070;19.000000;19.000000;0.000000;747.126913;0.000000;2
n30s0.7-5.rcp;MULTIFLOW;12.000000;1480;21.000000;21.000000;0.000000;68.041498;0.000000;2
n30s0.7-6.rcp;MULTIFLOW;14.000000;4893;19.000000;19.000000;0.000000;198.855698;0.000000;2
n30s0.7-7.rcp;MULTIFLOW;13.000000;420;20.000000;20.000000;0.000000;51.570079;0.000000;2
n30s0.7-8.rcp;MULTIFLOW;12.000000;1027;21.000000;21.000000;0.000000;61.944407;0.000000;2
n30s0.7-9.rcp;MULTIFLOW;12.000000;1;21.000000;21.000000;0.000000;13.921906;0.000000;2
n30s0.8-10.rcp;MULTIFLOW;13.000000;385;20.000000;20.000000;0.000000;18.299504;0.000000;2
n30s0.8-1.rcp;MULTIFLOW;11.000000;1;22.000000;22.000000;0.000000;2.393001;0.000000;2
n30s0.8-2.rcp;MULTIFLOW;10.000000;1;23.000000;23.000000;0.000000;1.648075;0.000000;2
n30s0.8-3.rcp;MULTIFLOW;10.000000;1;23.000000;23.000000;0.000000;5.448424;0.000000;2
n30s0.8-4.rcp;MULTIFLOW;12.000000;1;21.000000;21.000000;0.000000;6.215176;0.000000;2
n30s0.8-5.rcp;MULTIFLOW;12.000000;455;21.000000;21.000000;0.000000;14.260312;0.000000;2
n30s0.8-6.rcp;MULTIFLOW;12.000000;42;21.000000;21.000000;0.000000;3.741385;0.000000;2
n30s0.8-7.rcp;MULTIFLOW;12.000000;1;21.000000;21.000000;0.000000;2.101469;0.000000;2
n30s0.8-8.rcp;MULTIFLOW;12.000000;1;21.000000;21.000000;0.000000;5.562775;0.000000;2
n30s0.8-9.rcp;MULTIFLOW;10.000000;1;23.000000;23.000000;0.000000;1.448478;0.000000;2
n40os0.2-10.rcp;MULTIFLOW;20.000000;96098;23.000000;24.000000;0.000000;18000.396227;0.000000;9
n40os0.2-1.rcp;MULTIFLOW;23.000000;19750;20.000000;23.000000;0.000000;18000.401377;0.000000;9
n40os0.2-2.rcp;MULTIFLOW;20.000000;8131;23.000000;26.000000;0.000000;18000.390926;0.000000;9
n40os0.2-3.rcp;MULTIFLOW;21.000000;30549;22.000000;24.000000;0.000000;18000.390943;0.000000;9
n40os0.2-4.rcp;MULTIFLOW;20.000000;10324;23.000000;26.000000;0.000000;18000.370607;0.000000;9
n40os0.2-5.rcp;MULTIFLOW;21.000000;22807;22.000000;23.000000;0.000000;18000.402148;0.000000;9
n40os0.2-6.rcp;MULTIFLOW;23.000000;9359;20.000000;24.000000;0.000000;18000.382801;0.000000;9
n40os0.2-7.rcp;MULTIFLOW;21.000000;17522;22.000000;25.000000;0.000000;18000.379433;0.000000;9
n40os0.2-8.rcp;MULTIFLOW;23.000000;21274;20.000000;23.000000;0.000000;18000.410901;0.000000;9
n40os0.2-9.rcp;MULTIFLOW;21.000000;15888;22.000000;25.000000;0.000000;18000.628907;0.000000;9
n40os0.5-10.rcp;MULTIFLOW;19.000000;24394;24.000000;27.000000;0.000000;18000.357246;0.000000;9
n40os0.5-1.rcp;MULTIFLOW;19.000000;17720;24.000000;28.000000;0.000000;18000.344685;0.000000;9
n40os0.5-2.rcp;MULTIFLOW;19.000000;158190;24.000000;25.000000;0.000000;18000.340935;0.000000;9
n40os0.5-3.rcp;MULTIFLOW;21.000000;29384;22.000000;26.000000;0.000000;18000.313461;0.000000;9
n40os0.5-4.rcp;MULTIFLOW;17.000000;129572;26.000000;27.000000;0.000000;18000.325046;0.000000;9
n40os0.5-5.rcp;MULTIFLOW;17.000000;44347;26.000000;28.000000;0.000000;18000.347765;0.000000;9
n40os0.5-6.rcp;MULTIFLOW;18.000000;36258;25.000000;28.000000;0.000000;18000.350338;0.000000;9
n40os0.5-7.rcp;MULTIFLOW;18.000000;75255;25.000000;27.000000;0.000000;18000.334022;0.000000;9
n40os0.5-8.rcp;MULTIFLOW;19.000000;23001;24.000000;27.000000;0.000000;18000.320659;0.000000;9
n40os0.7-10.rcp;MULTIFLOW;16.000000;22070;27.000000;27.000000;0.000000;4383.908285;0.000000;2
n40os0.7-1.rcp;MULTIFLOW;18.000000;112698;25.000000;27.000000;0.000000;18000.289168;0.000000;9
n40os0.7-2.rcp;MULTIFLOW;17.000000;15154;26.000000;26.000000;0.000000;2867.988514;0.000000;2
n40os0.7-3.rcp;MULTIFLOW;16.000000;12619;27.000000;27.000000;0.000000;2278.727343;0.000000;2
n40os0.7-4.rcp;MULTIFLOW;17.000000;104462;26.000000;27.000000;0.000000;18000.317885;0.000000;9
n40os0.7-5.rcp;MULTIFLOW;16.000000;110604;27.000000;27.000000;0.000000;11506.341357;0.000000;2
n40os0.7-6.rcp;MULTIFLOW;16.000000;90286;27.000000;28.000000;0.000000;18000.277755;0.000000;9
n40os0.7-7.rcp;MULTIFLOW;16.000000;38990;27.000000;27.000000;0.000000;7514.209665;0.000000;2
n40os0.7-8.rcp;MULTIFLOW;19.000000;92016;24.000000;26.000000;0.000000;18000.290000;0.000000;9
n40os0.7-9.rcp;MULTIFLOW;18.000000;218014;25.000000;26.000000;0.000000;18000.271197;0.000000;9
n40os0.8-10.rcp;MULTIFLOW;15.000000;468;28.000000;28.000000;0.000000;82.153591;0.000000;2
n40os0.8-1.rcp;MULTIFLOW;19.000000;367408;24.000000;24.000000;0.000000;9582.589107;0.000000;2
n40os0.8-2.rcp;MULTIFLOW;16.000000;244;27.000000;27.000000;0.000000;119.743829;0.000000;2
n40os0.8-3.rcp;MULTIFLOW;14.000000;6620;29.000000;29.000000;0.000000;535.526143;0.000000;2
n40os0.8-4.rcp;MULTIFLOW;15.000000;568;28.000000;28.000000;0.000000;81.497419;0.000000;2
n40os0.8-5.rcp;MULTIFLOW;16.000000;2154;27.000000;27.000000;0.000000;188.641742;0.000000;2
n40os0.8-6.rcp;MULTIFLOW;16.000000;3052;27.000000;27.000000;0.000000;112.131810;0.000000;2
n40os0.8-7.rcp;MULTIFLOW;15.000000;630;28.000000;28.000000;0.000000;44.302687;0.000000;2
n40os0.8-8.rcp;MULTIFLOW;16.000000;73;27.000000;27.000000;0.000000;28.957379;0.000000;2
n40os0.8-9.rcp;MULTIFLOW;17.000000;802;26.000000;26.000000;0.000000;77.156249;0.000000;2
n40os0.9-10.rcp;MULTIFLOW;14.000000;1;29.000000;29.000000;0.000000;1.920740;0.000000;2
n40os0.9-1.rcp;MULTIFLOW;17.000000;1;26.000000;26.000000;0.000000;2.468966;0.000000;2
n40os0.9-2.rcp;MULTIFLOW;15.000000;1;28.000000;28.000000;0.000000;3.428274;0.000000;2
n40os0.9-3.rcp;MULTIFLOW;16.000000;1;27.000000;27.000000;0.000000;3.362431;0.000000;2
n40os0.9-4.rcp;MULTIFLOW;15.000000;30;28.000000;28.000000;0.000000;3.830330;0.000000;2
n40os0.95-1.rcp;MULTIFLOW;3.000000;0;10.000000;10.000000;0.000000;0.013315;0.000000;2
n40os0.95-2.rcp;MULTIFLOW;3.000000;0;10.000000;10.000000;0.000000;0.012857;0.000000;2
n40os0.95-3.rcp;MULTIFLOW;2.000000;0;11.000000;11.000000;0.000000;0.012364;0.000000;2
n40os0.95-4.rcp;MULTIFLOW;2.000000;0;11.000000;11.000000;0.000000;0.012111;0.000000;2
n40os0.95-5.rcp;MULTIFLOW;2.000000;0;11.000000;11.000000;0.000000;0.012026;0.000000;2
n40os0.95-6.rcp;MULTIFLOW;2.000000;0;11.000000;11.000000;0.000000;0.012259;0.000000;2
n40os0.95-7.rcp;MULTIFLOW;2.000000;0;11.000000;11.000000;0.000000;0.012155;0.000000;2
n40os0.95-8.rcp;MULTIFLOW;2.000000;0;11.000000;11.000000;0.000000;0.011927;0.000000;2
n40os0.95-9.rcp;MULTIFLOW;2.000000;0;11.000000;11.000000;0.000000;0.011771;0.000000;2
n40os0.9-5.rcp;MULTIFLOW;14.000000;229;29.000000;29.000000;0.000000;6.416686;0.000000;2
n40os0.9-6.rcp;MULTIFLOW;15.000000;1;28.000000;28.000000;0.000000;2.199705;0.000000;2
n40os0.9-7.rcp;MULTIFLOW;14.000000;28;29.000000;29.000000;0.000000;3.044513;0.000000;2
n40os0.9-8.rcp;MULTIFLOW;15.000000;1;28.000000;28.000000;0.000000;1.408986;0.000000;2
n40os0.9-9.rcp;MULTIFLOW;15.000000;1;28.000000;28.000000;0.000000;1.832469;0.000000;2
n30s0.5-7.rcp;FEASIBILITY;11.000000;19717;12.000000;12.000000;0.000000;13322.081300;25162.447741;2
n30s0.7-10.rcp;FEASIBILITY;12.000000;9547;13.000000;13.000000;0.000000;2462.055334;5973.231862;2
n30s0.7-2.rcp;FEASIBILITY;12.000000;6731;13.000000;13.000000;0.000000;2487.047643;5886.038124;2
n30s0.7-3.rcp;FEASIBILITY;13.000000;4799;14.000000;14.000000;0.000000;1912.952747;13124.787364;2
n50os0.5-10.rcp;MULTIFLOW;26.000000;6334;27.000000;35.000000;0.000000;18000.620403;0.000000;9
n30s0.7-4.rcp;FEASIBILITY;14.000000;8187;15.000000;15.000000;0.000000;3614.194982;17696.638015;2
n30s0.7-5.rcp;FEASIBILITY;12.000000;10092;13.000000;13.000000;0.000000;2936.317842;4902.676185;2
n50os0.5-1.rcp;MULTIFLOW;26.000000;4056;27.000000;33.000000;0.000000;18000.611169;0.000000;9
n30s0.7-6.rcp;FEASIBILITY;14.000000;15977;15.000000;15.000000;0.000000;6946.786633;16087.531987;2
n50os0.5-2.rcp;MULTIFLOW;29.000000;4523;24.000000;31.000000;0.000000;18000.622300;0.000000;9
n30s0.7-7.rcp;FEASIBILITY;13.000000;6906;14.000000;14.000000;0.000000;4465.121812;13098.744951;2
n30s0.7-8.rcp;FEASIBILITY;12.000000;10981;13.000000;13.000000;0.000000;2955.352129;5205.446059;2
n30s0.7-9.rcp;FEASIBILITY;12.000000;3522;13.000000;13.000000;0.000000;1020.983812;3108.734427;2
n50os0.5-3.rcp;MULTIFLOW;28.000000;4503;25.000000;32.000000;0.000000;18000.602560;0.000000;9
n30s0.8-10.rcp;FEASIBILITY;13.000000;2627;14.000000;14.000000;0.000000;655.728241;1872.249187;2
n30s0.8-1.rcp;FEASIBILITY;11.000000;951;12.000000;12.000000;0.000000;279.016070;641.248507;2
n30s0.8-2.rcp;FEASIBILITY;10.000000;453;11.000000;11.000000;0.000000;175.332880;390.279264;2
n30s0.8-3.rcp;FEASIBILITY;10.000000;37;11.000000;11.000000;0.000000;213.132261;438.084254;2
n30s0.8-4.rcp;FEASIBILITY;12.000000;9522;13.000000;13.000000;0.000000;712.992329;1671.881945;2
n30s0.8-5.rcp;FEASIBILITY;12.000000;6187;13.000000;13.000000;0.000000;571.198417;1353.116602;2
n30s0.8-6.rcp;FEASIBILITY;12.000000;4044;13.000000;13.000000;0.000000;518.282209;1008.489972;2
n30s0.8-7.rcp;FEASIBILITY;12.000000;7153;13.000000;13.000000;0.000000;547.442392;1022.722838;2
n30s0.8-8.rcp;FEASIBILITY;12.000000;7198;13.000000;13.000000;0.000000;689.435058;1329.316374;2
n30s0.8-9.rcp;FEASIBILITY;10.000000;1;11.000000;11.000000;0.000000;141.791391;341.116632;2
n50os0.5-4.rcp;MULTIFLOW;22.000000;5713;31.000000;34.000000;0.000000;18000.613969;0.000000;9
n50os0.5-5.rcp;MULTIFLOW;29.000000;2745;24.000000;29.000000;0.000000;18000.620221;0.000000;9
n50os0.5-6.rcp;MULTIFLOW;28.000000;3216;25.000000;33.000000;0.000000;18000.656239;0.000000;9
n50os0.5-7.rcp;MULTIFLOW;26.000000;6921;27.000000;33.000000;0.000000;18000.647633;0.000000;9
n50os0.5-8.rcp;MULTIFLOW;25.000000;3160;28.000000;32.000000;0.000000;18000.621272;0.000000;9
n50os0.5-9.rcp;MULTIFLOW;24.000000;4022;29.000000;34.000000;0.000000;18000.651786;0.000000;9
n50os0.7-10.rcp;MULTIFLOW;20.000000;20619;33.000000;35.000000;0.000000;18000.575569;0.000000;9
n50os0.7-1.rcp;MULTIFLOW;21.000000;16659;32.000000;33.000000;0.000000;18000.505661;0.000000;9
n50os0.7-2.rcp;MULTIFLOW;21.000000;23549;32.000000;34.000000;0.000000;18000.528672;0.000000;9
n50os0.7-3.rcp;MULTIFLOW;18.000000;13004;35.000000;35.000000;0.000000;8211.297637;0.000000;2
n50os0.7-4.rcp;MULTIFLOW;23.000000;16759;30.000000;34.000000;0.000000;18000.570135;0.000000;9
n50os0.7-5.rcp;MULTIFLOW;21.000000;23689;32.000000;33.000000;0.000000;18000.500692;0.000000;9
n50os0.7-6.rcp;MULTIFLOW;21.000000;18091;32.000000;36.000000;0.000000;18000.492798;0.000000;9
n50os0.7-7.rcp;MULTIFLOW;23.000000;16289;30.000000;33.000000;0.000000;18000.527332;0.000000;9
n50os0.7-8.rcp;MULTIFLOW;22.000000;19303;31.000000;36.000000;0.000000;18000.482334;0.000000;9
n50os0.7-9.rcp;MULTIFLOW;20.000000;20661;33.000000;35.000000;0.000000;18000.511524;0.000000;9
n50os0.8-10.rcp;MULTIFLOW;20.000000;8422;33.000000;33.000000;0.000000;3593.275180;0.000000;2
n50os0.8-1.rcp;MULTIFLOW;21.000000;19106;32.000000;32.000000;0.000000;4397.031286;0.000000;2
n50os0.8-2.rcp;MULTIFLOW;20.000000;1801;33.000000;33.000000;0.000000;1358.302466;0.000000;2
n50os0.8-3.rcp;MULTIFLOW;21.000000;96542;32.000000;33.000000;0.000000;18000.463081;0.000000;9
n50os0.8-4.rcp;MULTIFLOW;19.000000;42200;34.000000;34.000000;0.000000;5393.650605;0.000000;2
n50os0.8-5.rcp;MULTIFLOW;19.000000;6047;34.000000;34.000000;0.000000;2660.091093;0.000000;2
n50os0.8-6.rcp;MULTIFLOW;21.000000;63488;32.000000;33.000000;0.000000;18000.463693;0.000000;9
n50os0.8-7.rcp;MULTIFLOW;19.000000;7913;34.000000;34.000000;0.000000;2423.742515;0.000000;2
n50os0.8-8.rcp;MULTIFLOW;18.000000;70839;35.000000;37.000000;0.000000;18000.470710;0.000000;9
n50os0.8-9.rcp;MULTIFLOW;19.000000;68412;34.000000;34.000000;0.000000;16355.060873;0.000000;2
n50os0.9-10.rcp;MULTIFLOW;18.000000;283;35.000000;35.000000;0.000000;28.272605;0.000000;2
n50os0.9-1.rcp;MULTIFLOW;20.000000;194;33.000000;33.000000;0.000000;20.905035;0.000000;2
n50os0.9-2.rcp;MULTIFLOW;18.000000;195;35.000000;35.000000;0.000000;30.152807;0.000000;2
n50os0.9-3.rcp;MULTIFLOW;17.000000;89;36.000000;36.000000;0.000000;32.864817;0.000000;2
n50os0.9-4.rcp;MULTIFLOW;19.000000;1331;34.000000;34.000000;0.000000;41.599851;0.000000;2
n50os0.95-10.rcp;MULTIFLOW;16.000000;1;37.000000;37.000000;0.000000;1.503529;0.000000;2
n50os0.95-1.rcp;MULTIFLOW;18.000000;1;35.000000;35.000000;0.000000;1.097764;0.000000;2
n50os0.95-2.rcp;MULTIFLOW;17.000000;1;36.000000;36.000000;0.000000;1.307985;0.000000;2
n50os0.95-3.rcp;MULTIFLOW;16.000000;1;37.000000;37.000000;0.000000;1.479420;0.000000;2
n50os0.95-4.rcp;MULTIFLOW;16.000000;1;37.000000;37.000000;0.000000;1.902775;0.000000;2
n50os0.95-5.rcp;MULTIFLOW;16.000000;1;37.000000;37.000000;0.000000;1.494199;0.000000;2
n50os0.95-6.rcp;MULTIFLOW;17.000000;1;36.000000;36.000000;0.000000;0.959129;0.000000;2
n50os0.95-7.rcp;MULTIFLOW;16.000000;1;37.000000;37.000000;0.000000;1.176882;0.000000;2
n50os0.95-8.rcp;MULTIFLOW;19.000000;1;34.000000;34.000000;0.000000;1.212203;0.000000;2
n50os0.95-9.rcp;MULTIFLOW;15.000000;1;38.000000;38.000000;0.000000;1.893937;0.000000;2
n50os0.9-5.rcp;MULTIFLOW;19.000000;35;34.000000;34.000000;0.000000;20.849378;0.000000;2
n50os0.9-6.rcp;MULTIFLOW;20.000000;308;33.000000;33.000000;0.000000;48.555029;0.000000;2
n50os0.9-7.rcp;MULTIFLOW;20.000000;1;33.000000;33.000000;0.000000;13.446865;0.000000;2
n50os0.9-8.rcp;MULTIFLOW;18.000000;66;35.000000;35.000000;0.000000;33.223307;0.000000;2
n50os0.9-9.rcp;MULTIFLOW;18.000000;179;35.000000;35.000000;0.000000;12.406392;0.000000;2
n60os0.7-3.rcp;MULTIFLOW;29.000000;4319;34.000000;42.000000;0.000000;18000.971468;0.000000;9
n60os0.7-4.rcp;MULTIFLOW;30.000000;3103;33.000000;40.000000;0.000000;18000.989805;0.000000;9
n60os0.7-5.rcp;MULTIFLOW;27.000000;3212;36.000000;41.000000;0.000000;18000.864391;0.000000;9
n60os0.7-6.rcp;MULTIFLOW;31.000000;2177;32.000000;38.000000;0.000000;18000.812819;0.000000;9
n60os0.7-7.rcp;MULTIFLOW;28.000000;2990;35.000000;42.000000;0.000000;18000.844284;0.000000;9
n60os0.7-8.rcp;MULTIFLOW;28.000000;3065;35.000000;42.000000;0.000000;18000.829164;0.000000;9
n60os0.7-9.rcp;MULTIFLOW;28.000000;2750;35.000000;41.000000;0.000000;18000.886384;0.000000;9
n60os0.8-1.rcp;MULTIFLOW;26.000000;16526;37.000000;42.000000;0.000000;18000.776237;0.000000;9
n60os0.8-2.rcp;MULTIFLOW;27.000000;19195;36.000000;39.000000;0.000000;18000.782558;0.000000;9
n60os0.8-3.rcp;MULTIFLOW;26.000000;15801;37.000000;41.000000;0.000000;18000.740516;0.000000;9
n60os0.8-4.rcp;MULTIFLOW;24.000000;15515;39.000000;41.000000;0.000000;18000.745966;0.000000;9
n60os0.8-7.rcp;MULTIFLOW;28.000000;10316;35.000000;39.000000;0.000000;18000.744343;0.000000;9
n60os0.8-8.rcp;MULTIFLOW;23.000000;27599;40.000000;42.000000;0.000000;18000.751820;0.000000;9
n60os0.9-10.rcp;MULTIFLOW;24.000000;132365;39.000000;39.000000;0.000000;4215.310823;0.000000;2
n60os0.9-1.rcp;MULTIFLOW;23.000000;5403;40.000000;40.000000;0.000000;472.806112;0.000000;2
n60os0.9-2.rcp;MULTIFLOW;25.000000;2180;38.000000;38.000000;0.000000;226.476392;0.000000;2
n60os0.9-3.rcp;MULTIFLOW;25.000000;1;38.000000;38.000000;0.000000;31.262380;0.000000;2
n60os0.9-4.rcp;MULTIFLOW;23.000000;1;40.000000;40.000000;0.000000;126.954313;0.000000;2
n60os0.95-10.rcp;MULTIFLOW;21.000000;1;42.000000;42.000000;0.000000;3.292941;0.000000;2
n60os0.95-1.rcp;MULTIFLOW;23.000000;1;40.000000;40.000000;0.000000;7.303365;0.000000;2
n60os0.95-2.rcp;MULTIFLOW;19.000000;1;44.000000;44.000000;0.000000;2.265146;0.000000;2
n60os0.95-3.rcp;MULTIFLOW;19.000000;1;44.000000;44.000000;0.000000;3.570686;0.000000;2
n60os0.95-4.rcp;MULTIFLOW;18.000000;1;45.000000;45.000000;0.000000;2.659217;0.000000;2
n60os0.95-5.rcp;MULTIFLOW;22.000000;1;41.000000;41.000000;0.000000;4.071073;0.000000;2
n60os0.95-6.rcp;MULTIFLOW;20.000000;1;43.000000;43.000000;0.000000;2.292458;0.000000;2
n60os0.95-7.rcp;MULTIFLOW;20.000000;1;43.000000;43.000000;0.000000;4.630388;0.000000;2
n60os0.95-8.rcp;MULTIFLOW;23.000000;1;40.000000;40.000000;0.000000;3.137553;0.000000;2
n60os0.95-9.rcp;MULTIFLOW;21.000000;1;42.000000;42.000000;0.000000;3.310228;0.000000;2
n60os0.9-5.rcp;MULTIFLOW;23.000000;296;40.000000;40.000000;0.000000;93.043725;0.000000;2
n60os0.9-6.rcp;MULTIFLOW;24.000000;68025;39.000000;39.000000;0.000000;7436.249198;0.000000;2
n60os0.9-7.rcp;MULTIFLOW;22.000000;5452;41.000000;41.000000;0.000000;468.207401;0.000000;2
n60os0.9-8.rcp;MULTIFLOW;23.000000;4699;40.000000;40.000000;0.000000;346.796522;0.000000;2
n60os0.9-9.rcp;MULTIFLOW;23.000000;1;40.000000;40.000000;0.000000;41.514037;0.000000;2
n70os0.8-4.rcp;MULTIFLOW;32.000000;2471;41.000000;47.000000;0.000000;18001.198762;0.000000;9
n50os0.9-10.rcp;FEASIBILITY;18.000000;2925;19.000000;19.000000;0.000000;2228.564360;8297.120492;2
n70os0.8-6.rcp;MULTIFLOW;37.000000;1113;36.000000;48.000000;0.000000;18001.233771;0.000000;9
n50os0.9-1.rcp;FEASIBILITY;20.000000;5314;21.000000;21.000000;0.000000;14610.557469;27861.728698;2
n50os0.9-2.rcp;FEASIBILITY;18.000000;1534;19.000000;19.000000;0.000000;3789.798200;18571.808192;2
n50os0.9-3.rcp;FEASIBILITY;17.000000;5966;18.000000;18.000000;0.000000;4149.016025;11195.262699;2
n70os0.8-9.rcp;MULTIFLOW;30.000000;2081;43.000000;47.000000;0.000000;18001.209042;0.000000;9
n70os0.9-10.rcp;MULTIFLOW;27.000000;8357;46.000000;46.000000;0.000000;1608.566629;0.000000;2
n70os0.9-1.rcp;MULTIFLOW;26.000000;13314;47.000000;47.000000;0.000000;2456.834335;0.000000;2
n50os0.9-4.rcp;FEASIBILITY;19.000000;6333;20.000000;20.000000;0.000000;8779.006470;25685.832564;2
n70os0.9-2.rcp;MULTIFLOW;26.000000;22533;47.000000;47.000000;0.000000;5039.136473;0.000000;2
n50os0.95-10.rcp;FEASIBILITY;16.000000;1;17.000000;17.000000;0.000000;932.771101;4890.545479;2
n70os0.9-3.rcp;MULTIFLOW;28.000000;23203;45.000000;45.000000;0.000000;3612.620807;0.000000;2
n70os0.9-4.rcp;MULTIFLOW;25.000000;3336;48.000000;48.000000;0.000000;1882.923564;0.000000;2
n70os0.95-10.rcp;MULTIFLOW;25.000000;1;48.000000;48.000000;0.000000;3.311453;0.000000;2
n70os0.95-1.rcp;MULTIFLOW;23.000000;1;50.000000;50.000000;0.000000;5.828753;0.000000;2
n70os0.95-2.rcp;MULTIFLOW;24.000000;1;49.000000;49.000000;0.000000;4.624711;0.000000;2
n70os0.95-3.rcp;MULTIFLOW;27.000000;1;46.000000;46.000000;0.000000;9.200351;0.000000;2
n70os0.95-4.rcp;MULTIFLOW;24.000000;9;49.000000;49.000000;0.000000;11.242930;0.000000;2
n70os0.95-5.rcp;MULTIFLOW;25.000000;1;48.000000;48.000000;0.000000;7.193769;0.000000;2
n70os0.95-6.rcp;MULTIFLOW;26.000000;1;47.000000;47.000000;0.000000;6.092659;0.000000;2
n70os0.95-7.rcp;MULTIFLOW;25.000000;1;48.000000;48.000000;0.000000;18.824243;0.000000;2
n70os0.95-8.rcp;MULTIFLOW;25.000000;149;48.000000;48.000000;0.000000;20.593859;0.000000;2
n70os0.95-9.rcp;MULTIFLOW;24.000000;1;49.000000;49.000000;0.000000;6.083503;0.000000;2
n70os0.9-5.rcp;MULTIFLOW;27.000000;2801;46.000000;46.000000;0.000000;1174.953739;0.000000;2
n70os0.9-6.rcp;MULTIFLOW;28.000000;929;45.000000;45.000000;0.000000;352.287693;0.000000;2
n70os0.9-7.rcp;MULTIFLOW;24.000000;23;49.000000;49.000000;0.000000;124.320280;0.000000;2
n50os0.95-1.rcp;FEASIBILITY;18.000000;1;19.000000;19.000000;0.000000;1694.168030;8195.105329;2
n50os0.95-2.rcp;FEASIBILITY;17.000000;1;18.000000;18.000000;0.000000;1078.231924;6976.115142;2
n70os0.9-8.rcp;MULTIFLOW;28.000000;154352;45.000000;45.000000;0.000000;13451.697581;0.000000;2
n50os0.95-3.rcp;FEASIBILITY;16.000000;1;17.000000;17.000000;0.000000;794.691327;4747.279034;2
n70os0.9-9.rcp;MULTIFLOW;26.000000;1058;47.000000;47.000000;0.000000;519.991083;0.000000;2
n50os0.95-4.rcp;FEASIBILITY;16.000000;1;17.000000;17.000000;0.000000;1055.948820;5121.581121;2
n50os0.95-5.rcp;FEASIBILITY;16.000000;1;17.000000;17.000000;0.000000;782.575169;4888.856532;2
n50os0.95-6.rcp;FEASIBILITY;17.000000;377;18.000000;18.000000;0.000000;1194.452329;6185.538083;2
n50os0.95-7.rcp;FEASIBILITY;16.000000;1;17.000000;17.000000;0.000000;883.392797;6680.303761;2
n50os0.95-8.rcp;FEASIBILITY;19.000000;1;20.000000;20.000000;0.000000;1518.788776;8388.749143;2
n50os0.95-9.rcp;FEASIBILITY;15.000000;1;16.000000;16.000000;0.000000;570.214801;4202.688695;2
n50os0.9-5.rcp;FEASIBILITY;19.000000;5060;20.000000;20.000000;0.000000;6387.487127;18357.316956;2
n50os0.9-7.rcp;FEASIBILITY;20.000000;4497;21.000000;21.000000;0.000000;11112.290573;25068.634098;2
n50os0.9-8.rcp;FEASIBILITY;18.000000;10618;19.000000;19.000000;0.000000;6895.280971;15015.866231;2
n50os0.9-9.rcp;FEASIBILITY;18.000000;7821;19.000000;19.000000;0.000000;6998.496896;13297.665657;2
br17.10.sop.ajn.txt;SMART_HEURISTIC;1.000000;0;0.000000;0.000000;0.000000;0.004320;0.000000;
br17.12.sop.ajn.txt;SMART_HEURISTIC;2.000000;0;0.000000;0.000000;0.000000;0.002401;0.000000;
esc07.sop.ajn.txt;SMART_HEURISTIC;2.000000;0;0.000000;0.000000;0.000000;0.001385;0.000000;
esc11.sop.ajn.txt;SMART_HEURISTIC;0.000000;0;0.000000;0.000000;0.000000;0.001283;0.000000;
esc12.sop.ajn.txt;SMART_HEURISTIC;5.000000;0;0.000000;0.000000;0.000000;0.003070;0.000000;
esc25.sop.ajn.txt;SMART_HEURISTIC;1.000000;0;0.000000;0.000000;0.000000;0.002774;0.000000;
esc47.sop.ajn.txt;SMART_HEURISTIC;1.000000;0;0.000000;0.000000;0.000000;0.004587;0.000000;
esc63.sop.ajn.txt;SMART_HEURISTIC;34.000000;0;0.000000;0.000000;0.000000;0.220432;0.000000;
esc78.sop.ajn.txt;SMART_HEURISTIC;0.000000;0;0.000000;0.000000;0.000000;0.006752;0.000000;
ft53.1.sop.ajn.txt;SMART_HEURISTIC;2.000000;0;0.000000;0.000000;0.000000;0.005416;0.000000;
ft53.2.sop.ajn.txt;SMART_HEURISTIC;5.000000;0;0.000000;0.000000;0.000000;0.007273;0.000000;
ft53.3.sop.ajn.txt;SMART_HEURISTIC;14.000000;0;0.000000;0.000000;0.000000;0.030051;0.000000;
ft53.4.sop.ajn.txt;SMART_HEURISTIC;14.000000;0;0.000000;0.000000;0.000000;0.054807;0.000000;
ft70.1.sop.ajn.txt;SMART_HEURISTIC;3.000000;0;0.000000;0.000000;0.000000;0.007763;0.000000;
ft70.2.sop.ajn.txt;SMART_HEURISTIC;10.000000;0;0.000000;0.000000;0.000000;0.014097;0.000000;
ft70.3.sop.ajn.txt;SMART_HEURISTIC;19.000000;0;0.000000;0.000000;0.000000;0.056670;0.000000;
ft70.4.sop.ajn.txt;SMART_HEURISTIC;17.000000;0;0.000000;0.000000;0.000000;0.118147;0.000000;
kro124p.1.sop.ajn.txt;SMART_HEURISTIC;3.000000;0;0.000000;0.000000;0.000000;0.011597;0.000000;
kro124p.2.sop.ajn.txt;SMART_HEURISTIC;12.000000;0;0.000000;0.000000;0.000000;0.022492;0.000000;
kro124p.3.sop.ajn.txt;SMART_HEURISTIC;23.000000;0;0.000000;0.000000;0.000000;0.101985;0.000000;
kro124p.4.sop.ajn.txt;SMART_HEURISTIC;27.000000;0;0.000000;0.000000;0.000000;0.331146;0.000000;
n10o0.2-1.rcp;SMART_HEURISTIC;6.000000;0;0.000000;0.000000;0.000000;0.007582;0.000000;
n10o0.2-2.rcp;SMART_HEURISTIC;5.000000;0;0.000000;0.000000;0.000000;0.003999;0.000000;
n10o0.2-3.rcp;SMART_HEURISTIC;5.000000;0;0.000000;0.000000;0.000000;0.003952;0.000000;
n10o0.2-4.rcp;SMART_HEURISTIC;6.000000;0;0.000000;0.000000;0.000000;0.004926;0.000000;
n10o0.2-5.rcp;SMART_HEURISTIC;6.000000;0;0.000000;0.000000;0.000000;0.004033;0.000000;
n10o0.2-6.rcp;SMART_HEURISTIC;5.000000;0;0.000000;0.000000;0.000000;0.003371;0.000000;
n10o0.2-7.rcp;SMART_HEURISTIC;5.000000;0;0.000000;0.000000;0.000000;0.003725;0.000000;
n10o0.2-8.rcp;SMART_HEURISTIC;5.000000;0;0.000000;0.000000;0.000000;0.003789;0.000000;
n10o0.2-9.rcp;SMART_HEURISTIC;5.000000;0;0.000000;0.000000;0.000000;0.003157;0.000000;
n10o0.5-10.rcp;SMART_HEURISTIC;4.000000;0;0.000000;0.000000;0.000000;0.003750;0.000000;
n10o0.5-1.rcp;SMART_HEURISTIC;5.000000;0;0.000000;0.000000;0.000000;0.004004;0.000000;
n10o0.5-2.rcp;SMART_HEURISTIC;5.000000;0;0.000000;0.000000;0.000000;0.003916;0.000000;
n10o0.5-3.rcp;SMART_HEURISTIC;5.000000;0;0.000000;0.000000;0.000000;0.003826;0.000000;
n10o0.5-4.rcp;SMART_HEURISTIC;5.000000;0;0.000000;0.000000;0.000000;0.003726;0.000000;
n10o0.5-5.rcp;SMART_HEURISTIC;5.000000;0;0.000000;0.000000;0.000000;0.004049;0.000000;
n10o0.5-6.rcp;SMART_HEURISTIC;4.000000;0;0.000000;0.000000;0.000000;0.003228;0.000000;
n10o0.5-7.rcp;SMART_HEURISTIC;5.000000;0;0.000000;0.000000;0.000000;0.003957;0.000000;
n10o0.5-8.rcp;SMART_HEURISTIC;5.000000;0;0.000000;0.000000;0.000000;0.003717;0.000000;
n10o0.5-9.rcp;SMART_HEURISTIC;5.000000;0;0.000000;0.000000;0.000000;0.003714;0.000000;
n10o0.7-10.rcp;SMART_HEURISTIC;4.000000;0;0.000000;0.000000;0.000000;0.003240;0.000000;
n10o0.7-1.rcp;SMART_HEURISTIC;3.000000;0;0.000000;0.000000;0.000000;0.002624;0.000000;
n10o0.7-2.rcp;SMART_HEURISTIC;2.000000;0;0.000000;0.000000;0.000000;0.002212;0.000000;
n10o0.7-3.rcp;SMART_HEURISTIC;3.000000;0;0.000000;0.000000;0.000000;0.002853;0.000000;
n10o0.7-4.rcp;SMART_HEURISTIC;3.000000;0;0.000000;0.000000;0.000000;0.002376;0.000000;
n10o0.7-5.rcp;SMART_HEURISTIC;3.000000;0;0.000000;0.000000;0.000000;0.002703;0.000000;
n10o0.7-6.rcp;SMART_HEURISTIC;3.000000;0;0.000000;0.000000;0.000000;0.003090;0.000000;
n10o0.7-7.rcp;SMART_HEURISTIC;5.000000;0;0.000000;0.000000;0.000000;0.003352;0.000000;
n10o0.7-8.rcp;SMART_HEURISTIC;3.000000;0;0.000000;0.000000;0.000000;0.002771;0.000000;
n10o0.7-9.rcp;SMART_HEURISTIC;4.000000;0;0.000000;0.000000;0.000000;0.002902;0.000000;
n10o0.8-10.rcp;SMART_HEURISTIC;4.000000;0;0.000000;0.000000;0.000000;0.003057;0.000000;
n10o0.8-1.rcp;SMART_HEURISTIC;3.000000;0;0.000000;0.000000;0.000000;0.002357;0.000000;
n10o0.8-2.rcp;SMART_HEURISTIC;2.000000;0;0.000000;0.000000;0.000000;0.002181;0.000000;
n10o0.8-3.rcp;SMART_HEURISTIC;3.000000;0;0.000000;0.000000;0.000000;0.002769;0.000000;
n10o0.8-4.rcp;SMART_HEURISTIC;3.000000;0;0.000000;0.000000;0.000000;0.002779;0.000000;
n10o0.8-5.rcp;SMART_HEURISTIC;3.000000;0;0.000000;0.000000;0.000000;0.002769;0.000000;
n10o0.8-6.rcp;SMART_HEURISTIC;4.000000;0;0.000000;0.000000;0.000000;0.003204;0.000000;
n10o0.8-7.rcp;SMART_HEURISTIC;3.000000;0;0.000000;0.000000;0.000000;0.002463;0.000000;
n10o0.8-8.rcp;SMART_HEURISTIC;3.000000;0;0.000000;0.000000;0.000000;0.002777;0.000000;
n10o0.8-9.rcp;SMART_HEURISTIC;4.000000;0;0.000000;0.000000;0.000000;0.003333;0.000000;
n10o0.95-1.rcp;SMART_HEURISTIC;3.000000;0;0.000000;0.000000;0.000000;0.002568;0.000000;
n10o0.95-2.rcp;SMART_HEURISTIC;3.000000;0;0.000000;0.000000;0.000000;0.002415;0.000000;
n10o0.95-3.rcp;SMART_HEURISTIC;2.000000;0;0.000000;0.000000;0.000000;0.002071;0.000000;
n10o0.95-4.rcp;SMART_HEURISTIC;2.000000;0;0.000000;0.000000;0.000000;0.002154;0.000000;
n10o0.95-5.rcp;SMART_HEURISTIC;2.000000;0;0.000000;0.000000;0.000000;0.002324;0.000000;
n10o0.95-6.rcp;SMART_HEURISTIC;2.000000;0;0.000000;0.000000;0.000000;0.002079;0.000000;
n10o0.95-7.rcp;SMART_HEURISTIC;2.000000;0;0.000000;0.000000;0.000000;0.002214;0.000000;
n10o0.95-8.rcp;SMART_HEURISTIC;2.000000;0;0.000000;0.000000;0.000000;0.002256;0.000000;
n10o0.95-9.rcp;SMART_HEURISTIC;2.000000;0;0.000000;0.000000;0.000000;0.002053;0.000000;
n10os0.9-10.rcp;SMART_HEURISTIC;2.000000;0;0.000000;0.000000;0.000000;0.002087;0.000000;
n10os0.9-1.rcp;SMART_HEURISTIC;3.000000;0;0.000000;0.000000;0.000000;0.002539;0.000000;
n10os0.9-2.rcp;SMART_HEURISTIC;3.000000;0;0.000000;0.000000;0.000000;0.002527;0.000000;
n10os0.9-3.rcp;SMART_HEURISTIC;3.000000;0;0.000000;0.000000;0.000000;0.002463;0.000000;
n10os0.9-4.rcp;SMART_HEURISTIC;3.000000;0;0.000000;0.000000;0.000000;0.002568;0.000000;
n10os0.9-5.rcp;SMART_HEURISTIC;3.000000;0;0.000000;0.000000;0.000000;0.002906;0.000000;
n10os0.9-6.rcp;SMART_HEURISTIC;2.000000;0;0.000000;0.000000;0.000000;0.002206;0.000000;
n10os0.9-7.rcp;SMART_HEURISTIC;3.000000;0;0.000000;0.000000;0.000000;0.002526;0.000000;
n10os0.9-8.rcp;SMART_HEURISTIC;3.000000;0;0.000000;0.000000;0.000000;0.002560;0.000000;
n10os0.9-9.rcp;SMART_HEURISTIC;3.000000;0;0.000000;0.000000;0.000000;0.002535;0.000000;
n20o0.2-10.rcp;SMART_HEURISTIC;10.000000;0;0.000000;0.000000;0.000000;0.017172;0.000000;
n20o0.2-1.rcp;SMART_HEURISTIC;10.000000;0;0.000000;0.000000;0.000000;0.013918;0.000000;
n20o0.2-2.rcp;SMART_HEURISTIC;11.000000;0;0.000000;0.000000;0.000000;0.015133;0.000000;
n20o0.2-3.rcp;SMART_HEURISTIC;12.000000;0;0.000000;0.000000;0.000000;0.014752;0.000000;
n20o0.2-4.rcp;SMART_HEURISTIC;10.000000;0;0.000000;0.000000;0.000000;0.013051;0.000000;
n20o0.2-5.rcp;SMART_HEURISTIC;12.000000;0;0.000000;0.000000;0.000000;0.015603;0.000000;
n20o0.2-6.rcp;SMART_HEURISTIC;11.000000;0;0.000000;0.000000;0.000000;0.014268;0.000000;
n20o0.2-7.rcp;SMART_HEURISTIC;10.000000;0;0.000000;0.000000;0.000000;0.014051;0.000000;
n20o0.2-8.rcp;SMART_HEURISTIC;11.000000;0;0.000000;0.000000;0.000000;0.013204;0.000000;
n20o0.2-9.rcp;SMART_HEURISTIC;11.000000;0;0.000000;0.000000;0.000000;0.015203;0.000000;
n20o0.5-10.rcp;SMART_HEURISTIC;8.000000;0;0.000000;0.000000;0.000000;0.010373;0.000000;
n20o0.5-1.rcp;SMART_HEURISTIC;11.000000;0;0.000000;0.000000;0.000000;0.013207;0.000000;
n20o0.5-2.rcp;SMART_HEURISTIC;11.000000;0;0.000000;0.000000;0.000000;0.014483;0.000000;
n20o0.5-3.rcp;SMART_HEURISTIC;8.000000;0;0.000000;0.000000;0.000000;0.010851;0.000000;
n20o0.5-4.rcp;SMART_HEURISTIC;10.000000;0;0.000000;0.000000;0.000000;0.012391;0.000000;
n20o0.5-5.rcp;SMART_HEURISTIC;8.000000;0;0.000000;0.000000;0.000000;0.010524;0.000000;
n20o0.5-6.rcp;SMART_HEURISTIC;10.000000;0;0.000000;0.000000;0.000000;0.012560;0.000000;
n20o0.5-7.rcp;SMART_HEURISTIC;9.000000;0;0.000000;0.000000;0.000000;0.010931;0.000000;
n20o0.5-8.rcp;SMART_HEURISTIC;10.000000;0;0.000000;0.000000;0.000000;0.012577;0.000000;
n20o0.5-9.rcp;SMART_HEURISTIC;10.000000;0;0.000000;0.000000;0.000000;0.012642;0.000000;
n20o0.7-10.rcp;SMART_HEURISTIC;9.000000;0;0.000000;0.000000;0.000000;0.011577;0.000000;
n20o0.7-1.rcp;SMART_HEURISTIC;11.000000;0;0.000000;0.000000;0.000000;0.014401;0.000000;
n20o0.7-2.rcp;SMART_HEURISTIC;9.000000;0;0.000000;0.000000;0.000000;0.010636;0.000000;
n20o0.7-3.rcp;SMART_HEURISTIC;8.000000;0;0.000000;0.000000;0.000000;0.010430;0.000000;
n20o0.7-4.rcp;SMART_HEURISTIC;10.000000;0;0.000000;0.000000;0.000000;0.012369;0.000000;
n20o0.7-5.rcp;SMART_HEURISTIC;10.000000;0;0.000000;0.000000;0.000000;0.012834;0.000000;
n20o0.7-6.rcp;SMART_HEURISTIC;9.000000;0;0.000000;0.000000;0.000000;0.012407;0.000000;
n20o0.7-7.rcp;SMART_HEURISTIC;8.000000;0;0.000000;0.000000;0.000000;0.011042;0.000000;
n20o0.7-8.rcp;SMART_HEURISTIC;8.000000;0;0.000000;0.000000;0.000000;0.010608;0.000000;
n20o0.7-9.rcp;SMART_HEURISTIC;11.000000;0;0.000000;0.000000;0.000000;0.015372;0.000000;
n20o0.8-10.rcp;SMART_HEURISTIC;8.000000;0;0.000000;0.000000;0.000000;0.010250;0.000000;
n20o0.8-1.rcp;SMART_HEURISTIC;7.000000;0;0.000000;0.000000;0.000000;0.009520;0.000000;
n20o0.8-2.rcp;SMART_HEURISTIC;8.000000;0;0.000000;0.000000;0.000000;0.010653;0.000000;
n20o0.8-3.rcp;SMART_HEURISTIC;8.000000;0;0.000000;0.000000;0.000000;0.010240;0.000000;
n20o0.8-4.rcp;SMART_HEURISTIC;8.000000;0;0.000000;0.000000;0.000000;0.010269;0.000000;
n20o0.8-5.rcp;SMART_HEURISTIC;7.000000;0;0.000000;0.000000;0.000000;0.009380;0.000000;
n20o0.8-6.rcp;SMART_HEURISTIC;7.000000;0;0.000000;0.000000;0.000000;0.009598;0.000000;
n20o0.8-7.rcp;SMART_HEURISTIC;7.000000;0;0.000000;0.000000;0.000000;0.009286;0.000000;
n20o0.8-8.rcp;SMART_HEURISTIC;9.000000;0;0.000000;0.000000;0.000000;0.011405;0.000000;
n20o0.8-9.rcp;SMART_HEURISTIC;8.000000;0;0.000000;0.000000;0.000000;0.010393;0.000000;
n20o0.9-10.rcp;SMART_HEURISTIC;7.000000;0;0.000000;0.000000;0.000000;0.008852;0.000000;
n20o0.9-1.rcp;SMART_HEURISTIC;7.000000;0;0.000000;0.000000;0.000000;0.009107;0.000000;
n20o0.9-2.rcp;SMART_HEURISTIC;5.000000;0;0.000000;0.000000;0.000000;0.007264;0.000000;
n20o0.9-3.rcp;SMART_HEURISTIC;5.000000;0;0.000000;0.000000;0.000000;0.007299;0.000000;
n20o0.9-4.rcp;SMART_HEURISTIC;8.000000;0;0.000000;0.000000;0.000000;0.009877;0.000000;
n20o0.95-10.rcp;SMART_HEURISTIC;3.000000;0;0.000000;0.000000;0.000000;0.005788;0.000000;
n20o0.95-1.rcp;SMART_HEURISTIC;3.000000;0;0.000000;0.000000;0.000000;0.005210;0.000000;
n20o0.95-2.rcp;SMART_HEURISTIC;5.000000;0;0.000000;0.000000;0.000000;0.007180;0.000000;
n20o0.95-3.rcp;SMART_HEURISTIC;5.000000;0;0.000000;0.000000;0.000000;0.007133;0.000000;
n20o0.95-4.rcp;SMART_HEURISTIC;4.000000;0;0.000000;0.000000;0.000000;0.006670;0.000000;
n20o0.95-5.rcp;SMART_HEURISTIC;5.000000;0;0.000000;0.000000;0.000000;0.007028;0.000000;
n20o0.95-6.rcp;SMART_HEURISTIC;5.000000;0;0.000000;0.000000;0.000000;0.007051;0.000000;
n20o0.95-7.rcp;SMART_HEURISTIC;6.000000;0;0.000000;0.000000;0.000000;0.007862;0.000000;
n20o0.95-8.rcp;SMART_HEURISTIC;7.000000;0;0.000000;0.000000;0.000000;0.009290;0.000000;
n20o0.95-9.rcp;SMART_HEURISTIC;5.000000;0;0.000000;0.000000;0.000000;0.007146;0.000000;
n20o0.9-5.rcp;SMART_HEURISTIC;5.000000;0;0.000000;0.000000;0.000000;0.007128;0.000000;
n20o0.9-6.rcp;SMART_HEURISTIC;6.000000;0;0.000000;0.000000;0.000000;0.008148;0.000000;
n20o0.9-7.rcp;SMART_HEURISTIC;7.000000;0;0.000000;0.000000;0.000000;0.009290;0.000000;
n20o0.9-8.rcp;SMART_HEURISTIC;5.000000;0;0.000000;0.000000;0.000000;0.006865;0.000000;
n20o0.9-9.rcp;SMART_HEURISTIC;5.000000;0;0.000000;0.000000;0.000000;0.007183;0.000000;
n30os0.9-10.rcp;SMART_HEURISTIC;12.000000;0;0.000000;0.000000;0.000000;0.026749;0.000000;
n30os0.9-1.rcp;SMART_HEURISTIC;10.000000;0;0.000000;0.000000;0.000000;0.023000;0.000000;
n30os0.9-2.rcp;SMART_HEURISTIC;11.000000;0;0.000000;0.000000;0.000000;0.024605;0.000000;
n30os0.9-3.rcp;SMART_HEURISTIC;10.000000;0;0.000000;0.000000;0.000000;0.022819;0.000000;
n30os0.9-4.rcp;SMART_HEURISTIC;9.000000;0;0.000000;0.000000;0.000000;0.021760;0.000000;
n30os0.95-10.rcp;SMART_HEURISTIC;7.000000;0;0.000000;0.000000;0.000000;0.016168;0.000000;
n30os0.95-1.rcp;SMART_HEURISTIC;7.000000;0;0.000000;0.000000;0.000000;0.016426;0.000000;
n30os0.95-2.rcp;SMART_HEURISTIC;9.000000;0;0.000000;0.000000;0.000000;0.020356;0.000000;
n30os0.95-3.rcp;SMART_HEURISTIC;9.000000;0;0.000000;0.000000;0.000000;0.020516;0.000000;
n30os0.95-4.rcp;SMART_HEURISTIC;9.000000;0;0.000000;0.000000;0.000000;0.020098;0.000000;
n30os0.95-5.rcp;SMART_HEURISTIC;6.000000;0;0.000000;0.000000;0.000000;0.014554;0.000000;
n30os0.95-6.rcp;SMART_HEURISTIC;9.000000;0;0.000000;0.000000;0.000000;0.020420;0.000000;
n30os0.95-7.rcp;SMART_HEURISTIC;8.000000;0;0.000000;0.000000;0.000000;0.018489;0.000000;
n30os0.95-8.rcp;SMART_HEURISTIC;8.000000;0;0.000000;0.000000;0.000000;0.017608;0.000000;
n30os0.95-9.rcp;SMART_HEURISTIC;8.000000;0;0.000000;0.000000;0.000000;0.018538;0.000000;
n30os0.9-5.rcp;SMART_HEURISTIC;11.000000;0;0.000000;0.000000;0.000000;0.024632;0.000000;
n30os0.9-6.rcp;SMART_HEURISTIC;9.000000;0;0.000000;0.000000;0.000000;0.021338;0.000000;
n30os0.9-7.rcp;SMART_HEURISTIC;12.000000;0;0.000000;0.000000;0.000000;0.027282;0.000000;
n30os0.9-8.rcp;SMART_HEURISTIC;13.000000;0;0.000000;0.000000;0.000000;0.029667;0.000000;
n30os0.9-9.rcp;SMART_HEURISTIC;11.000000;0;0.000000;0.000000;0.000000;0.025835;0.000000;
n30s0.2-10.rcp;SMART_HEURISTIC;17.000000;0;0.000000;0.000000;0.000000;0.043878;0.000000;
n30s0.2-1.rcp;SMART_HEURISTIC;20.000000;0;0.000000;0.000000;0.000000;0.048779;0.000000;
n30s0.2-2.rcp;SMART_HEURISTIC;15.000000;0;0.000000;0.000000;0.000000;0.034254;0.000000;
n30s0.2-3.rcp;SMART_HEURISTIC;19.000000;0;0.000000;0.000000;0.000000;0.043873;0.000000;
n30s0.2-4.rcp;SMART_HEURISTIC;16.000000;0;0.000000;0.000000;0.000000;0.042696;0.000000;
n30s0.2-5.rcp;SMART_HEURISTIC;17.000000;0;0.000000;0.000000;0.000000;0.038284;0.000000;
n30s0.2-6.rcp;SMART_HEURISTIC;18.000000;0;0.000000;0.000000;0.000000;0.042679;0.000000;
n30s0.2-7.rcp;SMART_HEURISTIC;16.000000;0;0.000000;0.000000;0.000000;0.044126;0.000000;
n30s0.2-8.rcp;SMART_HEURISTIC;18.000000;0;0.000000;0.000000;0.000000;0.044763;0.000000;
n30s0.2-9.rcp;SMART_HEURISTIC;18.000000;0;0.000000;0.000000;0.000000;0.046694;0.000000;
n30s0.5-10.rcp;SMART_HEURISTIC;15.000000;0;0.000000;0.000000;0.000000;0.037614;0.000000;
n30s0.5-1.rcp;SMART_HEURISTIC;15.000000;0;0.000000;0.000000;0.000000;0.036015;0.000000;
n30s0.5-2.rcp;SMART_HEURISTIC;15.000000;0;0.000000;0.000000;0.000000;0.038067;0.000000;
n30s0.5-3.rcp;SMART_HEURISTIC;15.000000;0;0.000000;0.000000;0.000000;0.033026;0.000000;
n30s0.5-4.rcp;SMART_HEURISTIC;13.000000;0;0.000000;0.000000;0.000000;0.032335;0.000000;
n30s0.5-5.rcp;SMART_HEURISTIC;16.000000;0;0.000000;0.000000;0.000000;0.038087;0.000000;
n30s0.5-6.rcp;SMART_HEURISTIC;14.000000;0;0.000000;0.000000;0.000000;0.033062;0.000000;
n30s0.5-7.rcp;SMART_HEURISTIC;15.000000;0;0.000000;0.000000;0.000000;0.036263;0.000000;
n30s0.5-8.rcp;SMART_HEURISTIC;15.000000;0;0.000000;0.000000;0.000000;0.035958;0.000000;
n30s0.5-9.rcp;SMART_HEURISTIC;17.000000;0;0.000000;0.000000;0.000000;0.037217;0.000000;
n30s0.7-10.rcp;SMART_HEURISTIC;14.000000;0;0.000000;0.000000;0.000000;0.033568;0.000000;
n30s0.7-1.rcp;SMART_HEURISTIC;16.000000;0;0.000000;0.000000;0.000000;0.036985;0.000000;
n30s0.7-2.rcp;SMART_HEURISTIC;14.000000;0;0.000000;0.000000;0.000000;0.033574;0.000000;
n30s0.7-3.rcp;SMART_HEURISTIC;14.000000;0;0.000000;0.000000;0.000000;0.034001;0.000000;
n30s0.7-4.rcp;SMART_HEURISTIC;15.000000;0;0.000000;0.000000;0.000000;0.037462;0.000000;
n30s0.7-5.rcp;SMART_HEURISTIC;13.000000;0;0.000000;0.000000;0.000000;0.032875;0.000000;
n30s0.7-6.rcp;SMART_HEURISTIC;16.000000;0;0.000000;0.000000;0.000000;0.040343;0.000000;
n30s0.7-7.rcp;SMART_HEURISTIC;14.000000;0;0.000000;0.000000;0.000000;0.032215;0.000000;
n30s0.7-8.rcp;SMART_HEURISTIC;13.000000;0;0.000000;0.000000;0.000000;0.033857;0.000000;
n30s0.7-9.rcp;SMART_HEURISTIC;15.000000;0;0.000000;0.000000;0.000000;0.039804;0.000000;
n30s0.8-10.rcp;SMART_HEURISTIC;14.000000;0;0.000000;0.000000;0.000000;0.034239;0.000000;
n30s0.8-1.rcp;SMART_HEURISTIC;11.000000;0;0.000000;0.000000;0.000000;0.025578;0.000000;
n30s0.8-2.rcp;SMART_HEURISTIC;10.000000;0;0.000000;0.000000;0.000000;0.024175;0.000000;
n30s0.8-3.rcp;SMART_HEURISTIC;11.000000;0;0.000000;0.000000;0.000000;0.027557;0.000000;
n30s0.8-4.rcp;SMART_HEURISTIC;14.000000;0;0.000000;0.000000;0.000000;0.035119;0.000000;
n30s0.8-5.rcp;SMART_HEURISTIC;14.000000;0;0.000000;0.000000;0.000000;0.035016;0.000000;
n30s0.8-6.rcp;SMART_HEURISTIC;12.000000;0;0.000000;0.000000;0.000000;0.027426;0.000000;
n30s0.8-7.rcp;SMART_HEURISTIC;14.000000;0;0.000000;0.000000;0.000000;0.034045;0.000000;
n30s0.8-8.rcp;SMART_HEURISTIC;13.000000;0;0.000000;0.000000;0.000000;0.032689;0.000000;
n30s0.8-9.rcp;SMART_HEURISTIC;12.000000;0;0.000000;0.000000;0.000000;0.029458;0.000000;
n40os0.2-10.rcp;SMART_HEURISTIC;23.000000;0;0.000000;0.000000;0.000000;0.106167;0.000000;
n40os0.2-1.rcp;SMART_HEURISTIC;25.000000;0;0.000000;0.000000;0.000000;0.115200;0.000000;
n40os0.2-2.rcp;SMART_HEURISTIC;24.000000;0;0.000000;0.000000;0.000000;0.085710;0.000000;
n40os0.2-3.rcp;SMART_HEURISTIC;24.000000;0;0.000000;0.000000;0.000000;0.092633;0.000000;
n40os0.2-4.rcp;SMART_HEURISTIC;23.000000;0;0.000000;0.000000;0.000000;0.097887;0.000000;
n40os0.2-5.rcp;SMART_HEURISTIC;24.000000;0;0.000000;0.000000;0.000000;0.085523;0.000000;
n40os0.2-6.rcp;SMART_HEURISTIC;26.000000;0;0.000000;0.000000;0.000000;0.111851;0.000000;
n40os0.2-7.rcp;SMART_HEURISTIC;26.000000;0;0.000000;0.000000;0.000000;0.101970;0.000000;
n40os0.2-8.rcp;SMART_HEURISTIC;25.000000;0;0.000000;0.000000;0.000000;0.094404;0.000000;
n40os0.2-9.rcp;SMART_HEURISTIC;24.000000;0;0.000000;0.000000;0.000000;0.089904;0.000000;
n40os0.5-10.rcp;SMART_HEURISTIC;23.000000;0;0.000000;0.000000;0.000000;0.097718;0.000000;
n40os0.5-1.rcp;SMART_HEURISTIC;22.000000;0;0.000000;0.000000;0.000000;0.092116;0.000000;
n40os0.5-2.rcp;SMART_HEURISTIC;22.000000;0;0.000000;0.000000;0.000000;0.087728;0.000000;
n40os0.5-3.rcp;SMART_HEURISTIC;24.000000;0;0.000000;0.000000;0.000000;0.103485;0.000000;
n40os0.5-4.rcp;SMART_HEURISTIC;20.000000;0;0.000000;0.000000;0.000000;0.084182;0.000000;
n40os0.5-5.rcp;SMART_HEURISTIC;19.000000;0;0.000000;0.000000;0.000000;0.075655;0.000000;
n40os0.5-6.rcp;SMART_HEURISTIC;22.000000;0;0.000000;0.000000;0.000000;0.089301;0.000000;
n40os0.5-7.rcp;SMART_HEURISTIC;19.000000;0;0.000000;0.000000;0.000000;0.081464;0.000000;
n40os0.5-8.rcp;SMART_HEURISTIC;22.000000;0;0.000000;0.000000;0.000000;0.084196;0.000000;
n40os0.5-9.rcp;SMART_HEURISTIC;19.000000;0;0.000000;0.000000;0.000000;0.072969;0.000000;
n40os0.7-10.rcp;SMART_HEURISTIC;19.000000;0;0.000000;0.000000;0.000000;0.080675;0.000000;
n40os0.7-1.rcp;SMART_HEURISTIC;19.000000;0;0.000000;0.000000;0.000000;0.087184;0.000000;
n40os0.7-2.rcp;SMART_HEURISTIC;19.000000;0;0.000000;0.000000;0.000000;0.080116;0.000000;
n40os0.7-3.rcp;SMART_HEURISTIC;18.000000;0;0.000000;0.000000;0.000000;0.076650;0.000000;
n40os0.7-4.rcp;SMART_HEURISTIC;21.000000;0;0.000000;0.000000;0.000000;0.092530;0.000000;
n40os0.7-5.rcp;SMART_HEURISTIC;19.000000;0;0.000000;0.000000;0.000000;0.080197;0.000000;
n40os0.7-6.rcp;SMART_HEURISTIC;16.000000;0;0.000000;0.000000;0.000000;0.067824;0.000000;
n40os0.7-7.rcp;SMART_HEURISTIC;19.000000;0;0.000000;0.000000;0.000000;0.078526;0.000000;
n40os0.7-8.rcp;SMART_HEURISTIC;23.000000;0;0.000000;0.000000;0.000000;0.091570;0.000000;
n40os0.7-9.rcp;SMART_HEURISTIC;22.000000;0;0.000000;0.000000;0.000000;0.092030;0.000000;
n40os0.8-10.rcp;SMART_HEURISTIC;18.000000;0;0.000000;0.000000;0.000000;0.067471;0.000000;
n40os0.8-1.rcp;SMART_HEURISTIC;20.000000;0;0.000000;0.000000;0.000000;0.090162;0.000000;
n40os0.8-2.rcp;SMART_HEURISTIC;18.000000;0;0.000000;0.000000;0.000000;0.076670;0.000000;
n40os0.8-3.rcp;SMART_HEURISTIC;16.000000;0;0.000000;0.000000;0.000000;0.064847;0.000000;
n40os0.8-4.rcp;SMART_HEURISTIC;16.000000;0;0.000000;0.000000;0.000000;0.068699;0.000000;
n40os0.8-5.rcp;SMART_HEURISTIC;18.000000;0;0.000000;0.000000;0.000000;0.074682;0.000000;
n40os0.8-6.rcp;SMART_HEURISTIC;19.000000;0;0.000000;0.000000;0.000000;0.081757;0.000000;
n40os0.8-7.rcp;SMART_HEURISTIC;16.000000;0;0.000000;0.000000;0.000000;0.068259;0.000000;
n40os0.8-8.rcp;SMART_HEURISTIC;18.000000;0;0.000000;0.000000;0.000000;0.074011;0.000000;
n40os0.8-9.rcp;SMART_HEURISTIC;17.000000;0;0.000000;0.000000;0.000000;0.071786;0.000000;
n40os0.9-10.rcp;SMART_HEURISTIC;15.000000;0;0.000000;0.000000;0.000000;0.060883;0.000000;
n40os0.9-1.rcp;SMART_HEURISTIC;19.000000;0;0.000000;0.000000;0.000000;0.073973;0.000000;
n40os0.9-2.rcp;SMART_HEURISTIC;15.000000;0;0.000000;0.000000;0.000000;0.056604;0.000000;
n40os0.9-3.rcp;SMART_HEURISTIC;16.000000;0;0.000000;0.000000;0.000000;0.063342;0.000000;
n40os0.9-4.rcp;SMART_HEURISTIC;16.000000;0;0.000000;0.000000;0.000000;0.057932;0.000000;
n40os0.95-1.rcp;SMART_HEURISTIC;3.000000;0;0.000000;0.000000;0.000000;0.002910;0.000000;
n40os0.95-2.rcp;SMART_HEURISTIC;3.000000;0;0.000000;0.000000;0.000000;0.002586;0.000000;
n40os0.95-3.rcp;SMART_HEURISTIC;2.000000;0;0.000000;0.000000;0.000000;0.002174;0.000000;
n40os0.95-4.rcp;SMART_HEURISTIC;2.000000;0;0.000000;0.000000;0.000000;0.002215;0.000000;
n40os0.95-5.rcp;SMART_HEURISTIC;2.000000;0;0.000000;0.000000;0.000000;0.002231;0.000000;
n40os0.95-6.rcp;SMART_HEURISTIC;2.000000;0;0.000000;0.000000;0.000000;0.002349;0.000000;
n40os0.95-7.rcp;SMART_HEURISTIC;2.000000;0;0.000000;0.000000;0.000000;0.002355;0.000000;
n40os0.95-8.rcp;SMART_HEURISTIC;2.000000;0;0.000000;0.000000;0.000000;0.002136;0.000000;
n40os0.95-9.rcp;SMART_HEURISTIC;2.000000;0;0.000000;0.000000;0.000000;0.002077;0.000000;
n40os0.9-5.rcp;SMART_HEURISTIC;14.000000;0;0.000000;0.000000;0.000000;0.052999;0.000000;
n40os0.9-6.rcp;SMART_HEURISTIC;15.000000;0;0.000000;0.000000;0.000000;0.060744;0.000000;
n40os0.9-7.rcp;SMART_HEURISTIC;14.000000;0;0.000000;0.000000;0.000000;0.054539;0.000000;
n40os0.9-8.rcp;SMART_HEURISTIC;16.000000;0;0.000000;0.000000;0.000000;0.063418;0.000000;
n40os0.9-9.rcp;SMART_HEURISTIC;16.000000;0;0.000000;0.000000;0.000000;0.063985;0.000000;
n50os0.2-10.rcp;SMART_HEURISTIC;31.000000;0;0.000000;0.000000;0.000000;0.188844;0.000000;
n50os0.2-1.rcp;SMART_HEURISTIC;32.000000;0;0.000000;0.000000;0.000000;0.204209;0.000000;
n50os0.2-2.rcp;SMART_HEURISTIC;33.000000;0;0.000000;0.000000;0.000000;0.211779;0.000000;
n50os0.2-3.rcp;SMART_HEURISTIC;34.000000;0;0.000000;0.000000;0.000000;0.231942;0.000000;
n50os0.2-4.rcp;SMART_HEURISTIC;33.000000;0;0.000000;0.000000;0.000000;0.227433;0.000000;
n50os0.2-5.rcp;SMART_HEURISTIC;28.000000;0;0.000000;0.000000;0.000000;0.175701;0.000000;
n50os0.2-6.rcp;SMART_HEURISTIC;33.000000;0;0.000000;0.000000;0.000000;0.224866;0.000000;
n50os0.2-7.rcp;SMART_HEURISTIC;29.000000;0;0.000000;0.000000;0.000000;0.177131;0.000000;
n50os0.2-8.rcp;SMART_HEURISTIC;32.000000;0;0.000000;0.000000;0.000000;0.186523;0.000000;
n50os0.2-9.rcp;SMART_HEURISTIC;31.000000;0;0.000000;0.000000;0.000000;0.165270;0.000000;
n50os0.5-10.rcp;SMART_HEURISTIC;25.000000;0;0.000000;0.000000;0.000000;0.139208;0.000000;
n50os0.5-1.rcp;SMART_HEURISTIC;26.000000;0;0.000000;0.000000;0.000000;0.149649;0.000000;
n50os0.5-2.rcp;SMART_HEURISTIC;30.000000;0;0.000000;0.000000;0.000000;0.159440;0.000000;
n50os0.5-3.rcp;SMART_HEURISTIC;28.000000;0;0.000000;0.000000;0.000000;0.147494;0.000000;
n50os0.5-4.rcp;SMART_HEURISTIC;28.000000;0;0.000000;0.000000;0.000000;0.143126;0.000000;
n50os0.5-5.rcp;SMART_HEURISTIC;28.000000;0;0.000000;0.000000;0.000000;0.138820;0.000000;
n50os0.5-6.rcp;SMART_HEURISTIC;28.000000;0;0.000000;0.000000;0.000000;0.159495;0.000000;
n50os0.5-7.rcp;SMART_HEURISTIC;25.000000;0;0.000000;0.000000;0.000000;0.151879;0.000000;
n50os0.5-8.rcp;SMART_HEURISTIC;26.000000;0;0.000000;0.000000;0.000000;0.132361;0.000000;
n50os0.5-9.rcp;SMART_HEURISTIC;28.000000;0;0.000000;0.000000;0.000000;0.157783;0.000000;
n50os0.7-10.rcp;SMART_HEURISTIC;23.000000;0;0.000000;0.000000;0.000000;0.127972;0.000000;
n50os0.7-1.rcp;SMART_HEURISTIC;23.000000;0;0.000000;0.000000;0.000000;0.135995;0.000000;
n50os0.7-2.rcp;SMART_HEURISTIC;24.000000;0;0.000000;0.000000;0.000000;0.130889;0.000000;
n50os0.7-3.rcp;SMART_HEURISTIC;19.000000;0;0.000000;0.000000;0.000000;0.108166;0.000000;
n50os0.7-4.rcp;SMART_HEURISTIC;26.000000;0;0.000000;0.000000;0.000000;0.148507;0.000000;
n50os0.7-5.rcp;SMART_HEURISTIC;24.000000;0;0.000000;0.000000;0.000000;0.148465;0.000000;
n50os0.7-6.rcp;SMART_HEURISTIC;23.000000;0;0.000000;0.000000;0.000000;0.132030;0.000000;
n50os0.7-7.rcp;SMART_HEURISTIC;26.000000;0;0.000000;0.000000;0.000000;0.163245;0.000000;
n50os0.7-8.rcp;SMART_HEURISTIC;24.000000;0;0.000000;0.000000;0.000000;0.140320;0.000000;
n50os0.7-9.rcp;SMART_HEURISTIC;25.000000;0;0.000000;0.000000;0.000000;0.149468;0.000000;
n50os0.8-10.rcp;SMART_HEURISTIC;22.000000;0;0.000000;0.000000;0.000000;0.122847;0.000000;
n50os0.8-1.rcp;SMART_HEURISTIC;24.000000;0;0.000000;0.000000;0.000000;0.135361;0.000000;
n50os0.8-2.rcp;SMART_HEURISTIC;24.000000;0;0.000000;0.000000;0.000000;0.148037;0.000000;
n50os0.8-3.rcp;SMART_HEURISTIC;23.000000;0;0.000000;0.000000;0.000000;0.179623;0.000000;
n50os0.8-4.rcp;SMART_HEURISTIC;20.000000;0;0.000000;0.000000;0.000000;0.111558;0.000000;
n50os0.8-5.rcp;SMART_HEURISTIC;23.000000;0;0.000000;0.000000;0.000000;0.130786;0.000000;
n50os0.8-6.rcp;SMART_HEURISTIC;24.000000;0;0.000000;0.000000;0.000000;0.143171;0.000000;
n50os0.8-7.rcp;SMART_HEURISTIC;21.000000;0;0.000000;0.000000;0.000000;0.121732;0.000000;
n50os0.8-8.rcp;SMART_HEURISTIC;19.000000;0;0.000000;0.000000;0.000000;0.106146;0.000000;
n50os0.8-9.rcp;SMART_HEURISTIC;22.000000;0;0.000000;0.000000;0.000000;0.126237;0.000000;
n50os0.9-10.rcp;SMART_HEURISTIC;21.000000;0;0.000000;0.000000;0.000000;0.111558;0.000000;
n50os0.9-1.rcp;SMART_HEURISTIC;21.000000;0;0.000000;0.000000;0.000000;0.113217;0.000000;
n50os0.9-2.rcp;SMART_HEURISTIC;19.000000;0;0.000000;0.000000;0.000000;0.104055;0.000000;
n50os0.9-3.rcp;SMART_HEURISTIC;19.000000;0;0.000000;0.000000;0.000000;0.094411;0.000000;
n50os0.9-4.rcp;SMART_HEURISTIC;21.000000;0;0.000000;0.000000;0.000000;0.131077;0.000000;
n50os0.95-10.rcp;SMART_HEURISTIC;17.000000;0;0.000000;0.000000;0.000000;0.101374;0.000000;
n50os0.95-1.rcp;SMART_HEURISTIC;18.000000;0;0.000000;0.000000;0.000000;0.098748;0.000000;
n50os0.95-2.rcp;SMART_HEURISTIC;17.000000;0;0.000000;0.000000;0.000000;0.093002;0.000000;
n50os0.95-3.rcp;SMART_HEURISTIC;17.000000;0;0.000000;0.000000;0.000000;0.092306;0.000000;
n50os0.95-4.rcp;SMART_HEURISTIC;17.000000;0;0.000000;0.000000;0.000000;0.091684;0.000000;
n50os0.95-5.rcp;SMART_HEURISTIC;18.000000;0;0.000000;0.000000;0.000000;0.101676;0.000000;
n50os0.95-6.rcp;SMART_HEURISTIC;17.000000;0;0.000000;0.000000;0.000000;0.089969;0.000000;
n50os0.95-7.rcp;SMART_HEURISTIC;17.000000;0;0.000000;0.000000;0.000000;0.092311;0.000000;
n50os0.95-8.rcp;SMART_HEURISTIC;19.000000;0;0.000000;0.000000;0.000000;0.107656;0.000000;
n50os0.95-9.rcp;SMART_HEURISTIC;16.000000;0;0.000000;0.000000;0.000000;0.085767;0.000000;
n50os0.9-5.rcp;SMART_HEURISTIC;21.000000;0;0.000000;0.000000;0.000000;0.130870;0.000000;
n50os0.9-6.rcp;SMART_HEURISTIC;22.000000;0;0.000000;0.000000;0.000000;0.131521;0.000000;
n50os0.9-7.rcp;SMART_HEURISTIC;20.000000;0;0.000000;0.000000;0.000000;0.126964;0.000000;
n50os0.9-8.rcp;SMART_HEURISTIC;20.000000;0;0.000000;0.000000;0.000000;0.102144;0.000000;
n50os0.9-9.rcp;SMART_HEURISTIC;19.000000;0;0.000000;0.000000;0.000000;0.095156;0.000000;
n60os0.2-10.rcp;SMART_HEURISTIC;37.000000;0;0.000000;0.000000;0.000000;0.284205;0.000000;
n60os0.2-1.rcp;SMART_HEURISTIC;40.000000;0;0.000000;0.000000;0.000000;0.319535;0.000000;
n60os0.2-2.rcp;SMART_HEURISTIC;41.000000;0;0.000000;0.000000;0.000000;0.346727;0.000000;
n60os0.2-3.rcp;SMART_HEURISTIC;38.000000;0;0.000000;0.000000;0.000000;0.275439;0.000000;
n60os0.2-4.rcp;SMART_HEURISTIC;37.000000;0;0.000000;0.000000;0.000000;0.307156;0.000000;
n60os0.2-5.rcp;SMART_HEURISTIC;39.000000;0;0.000000;0.000000;0.000000;0.278106;0.000000;
n60os0.2-6.rcp;SMART_HEURISTIC;40.000000;0;0.000000;0.000000;0.000000;0.280274;0.000000;
n60os0.2-7.rcp;SMART_HEURISTIC;40.000000;0;0.000000;0.000000;0.000000;0.348493;0.000000;
n60os0.2-8.rcp;SMART_HEURISTIC;36.000000;0;0.000000;0.000000;0.000000;0.276146;0.000000;
n60os0.2-9.rcp;SMART_HEURISTIC;41.000000;0;0.000000;0.000000;0.000000;0.286643;0.000000;
n60os0.5-10.rcp;SMART_HEURISTIC;30.000000;0;0.000000;0.000000;0.000000;0.237860;0.000000;
n60os0.5-1.rcp;SMART_HEURISTIC;32.000000;0;0.000000;0.000000;0.000000;0.245409;0.000000;
n60os0.5-2.rcp;SMART_HEURISTIC;32.000000;0;0.000000;0.000000;0.000000;0.249572;0.000000;
n60os0.5-3.rcp;SMART_HEURISTIC;31.000000;0;0.000000;0.000000;0.000000;0.246821;0.000000;
n60os0.5-4.rcp;SMART_HEURISTIC;34.000000;0;0.000000;0.000000;0.000000;0.292160;0.000000;
n60os0.5-5.rcp;SMART_HEURISTIC;35.000000;0;0.000000;0.000000;0.000000;0.291525;0.000000;
n60os0.5-6.rcp;SMART_HEURISTIC;31.000000;0;0.000000;0.000000;0.000000;0.223303;0.000000;
n60os0.5-7.rcp;SMART_HEURISTIC;34.000000;0;0.000000;0.000000;0.000000;0.270572;0.000000;
n60os0.5-8.rcp;SMART_HEURISTIC;30.000000;0;0.000000;0.000000;0.000000;0.205943;0.000000;
n60os0.5-9.rcp;SMART_HEURISTIC;36.000000;0;0.000000;0.000000;0.000000;0.264481;0.000000;
n60os0.7-10.rcp;SMART_HEURISTIC;29.000000;0;0.000000;0.000000;0.000000;0.268318;0.000000;
n60os0.7-1.rcp;SMART_HEURISTIC;31.000000;0;0.000000;0.000000;0.000000;0.301743;0.000000;
n60os0.7-2.rcp;SMART_HEURISTIC;30.000000;0;0.000000;0.000000;0.000000;0.228066;0.000000;
n60os0.7-3.rcp;SMART_HEURISTIC;31.000000;0;0.000000;0.000000;0.000000;0.274509;0.000000;
n60os0.7-4.rcp;SMART_HEURISTIC;32.000000;0;0.000000;0.000000;0.000000;0.273966;0.000000;
n60os0.7-5.rcp;SMART_HEURISTIC;31.000000;0;0.000000;0.000000;0.000000;0.268385;0.000000;
n60os0.7-6.rcp;SMART_HEURISTIC;33.000000;0;0.000000;0.000000;0.000000;0.324854;0.000000;
n60os0.7-7.rcp;SMART_HEURISTIC;29.000000;0;0.000000;0.000000;0.000000;0.269378;0.000000;
n60os0.7-8.rcp;SMART_HEURISTIC;28.000000;0;0.000000;0.000000;0.000000;0.286644;0.000000;
n60os0.7-9.rcp;SMART_HEURISTIC;31.000000;0;0.000000;0.000000;0.000000;0.278154;0.000000;
n60os0.8-10.rcp;SMART_HEURISTIC;26.000000;0;0.000000;0.000000;0.000000;0.221580;0.000000;
n60os0.8-1.rcp;SMART_HEURISTIC;28.000000;0;0.000000;0.000000;0.000000;0.241030;0.000000;
n60os0.8-2.rcp;SMART_HEURISTIC;29.000000;0;0.000000;0.000000;0.000000;0.258923;0.000000;
n60os0.8-3.rcp;SMART_HEURISTIC;30.000000;0;0.000000;0.000000;0.000000;0.253877;0.000000;
n60os0.8-4.rcp;SMART_HEURISTIC;26.000000;0;0.000000;0.000000;0.000000;0.228854;0.000000;
n60os0.8-5.rcp;SMART_HEURISTIC;27.000000;0;0.000000;0.000000;0.000000;0.254534;0.000000;
n60os0.8-6.rcp;SMART_HEURISTIC;27.000000;0;0.000000;0.000000;0.000000;0.247126;0.000000;
n60os0.8-7.rcp;SMART_HEURISTIC;32.000000;0;0.000000;0.000000;0.000000;0.294452;0.000000;
n60os0.8-8.rcp;SMART_HEURISTIC;25.000000;0;0.000000;0.000000;0.000000;0.207570;0.000000;
n60os0.8-9.rcp;SMART_HEURISTIC;29.000000;0;0.000000;0.000000;0.000000;0.238864;0.000000;
n60os0.9-10.rcp;SMART_HEURISTIC;25.000000;0;0.000000;0.000000;0.000000;0.190161;0.000000;
n60os0.9-1.rcp;SMART_HEURISTIC;23.000000;0;0.000000;0.000000;0.000000;0.170378;0.000000;
n60os0.9-2.rcp;SMART_HEURISTIC;28.000000;0;0.000000;0.000000;0.000000;0.222236;0.000000;
n60os0.9-3.rcp;SMART_HEURISTIC;26.000000;0;0.000000;0.000000;0.000000;0.211664;0.000000;
n60os0.9-4.rcp;SMART_HEURISTIC;24.000000;0;0.000000;0.000000;0.000000;0.216994;0.000000;
n60os0.95-10.rcp;SMART_HEURISTIC;21.000000;0;0.000000;0.000000;0.000000;0.150003;0.000000;
n60os0.95-1.rcp;SMART_HEURISTIC;23.000000;0;0.000000;0.000000;0.000000;0.167681;0.000000;
n60os0.95-2.rcp;SMART_HEURISTIC;19.000000;0;0.000000;0.000000;0.000000;0.152595;0.000000;
n60os0.95-3.rcp;SMART_HEURISTIC;20.000000;0;0.000000;0.000000;0.000000;0.154485;0.000000;
n60os0.95-4.rcp;SMART_HEURISTIC;18.000000;0;0.000000;0.000000;0.000000;0.144225;0.000000;
n60os0.95-5.rcp;SMART_HEURISTIC;22.000000;0;0.000000;0.000000;0.000000;0.176759;0.000000;
n60os0.95-6.rcp;SMART_HEURISTIC;20.000000;0;0.000000;0.000000;0.000000;0.128061;0.000000;
n60os0.95-7.rcp;SMART_HEURISTIC;20.000000;0;0.000000;0.000000;0.000000;0.140580;0.000000;
n60os0.95-8.rcp;SMART_HEURISTIC;23.000000;0;0.000000;0.000000;0.000000;0.194640;0.000000;
n60os0.95-9.rcp;SMART_HEURISTIC;22.000000;0;0.000000;0.000000;0.000000;0.162505;0.000000;
n60os0.9-5.rcp;SMART_HEURISTIC;27.000000;0;0.000000;0.000000;0.000000;0.207091;0.000000;
n60os0.9-6.rcp;SMART_HEURISTIC;24.000000;0;0.000000;0.000000;0.000000;0.194969;0.000000;
n60os0.9-7.rcp;SMART_HEURISTIC;24.000000;0;0.000000;0.000000;0.000000;0.184727;0.000000;
n60os0.9-8.rcp;SMART_HEURISTIC;23.000000;0;0.000000;0.000000;0.000000;0.184210;0.000000;
n60os0.9-9.rcp;SMART_HEURISTIC;23.000000;0;0.000000;0.000000;0.000000;0.172420;0.000000;
n70os0.2-10.rcp;SMART_HEURISTIC;44.000000;0;0.000000;0.000000;0.000000;0.426406;0.000000;
n70os0.2-1.rcp;SMART_HEURISTIC;43.000000;0;0.000000;0.000000;0.000000;0.376935;0.000000;
n70os0.2-2.rcp;SMART_HEURISTIC;48.000000;0;0.000000;0.000000;0.000000;0.465687;0.000000;
n70os0.2-3.rcp;SMART_HEURISTIC;48.000000;0;0.000000;0.000000;0.000000;0.555323;0.000000;
n70os0.2-4.rcp;SMART_HEURISTIC;48.000000;0;0.000000;0.000000;0.000000;0.525118;0.000000;
n70os0.2-5.rcp;SMART_HEURISTIC;43.000000;0;0.000000;0.000000;0.000000;0.434406;0.000000;
n70os0.2-6.rcp;SMART_HEURISTIC;45.000000;0;0.000000;0.000000;0.000000;0.417891;0.000000;
n70os0.2-7.rcp;SMART_HEURISTIC;46.000000;0;0.000000;0.000000;0.000000;0.508874;0.000000;
n70os0.2-8.rcp;SMART_HEURISTIC;44.000000;0;0.000000;0.000000;0.000000;0.420173;0.000000;
n70os0.2-9.rcp;SMART_HEURISTIC;45.000000;0;0.000000;0.000000;0.000000;0.499313;0.000000;
n70os0.5-10.rcp;SMART_HEURISTIC;38.000000;0;0.000000;0.000000;0.000000;0.425384;0.000000;
n70os0.5-1.rcp;SMART_HEURISTIC;40.000000;0;0.000000;0.000000;0.000000;0.473942;0.000000;
n70os0.5-2.rcp;SMART_HEURISTIC;41.000000;0;0.000000;0.000000;0.000000;0.536696;0.000000;
n70os0.5-3.rcp;SMART_HEURISTIC;41.000000;0;0.000000;0.000000;0.000000;0.425140;0.000000;
n70os0.5-4.rcp;SMART_HEURISTIC;41.000000;0;0.000000;0.000000;0.000000;0.509296;0.000000;
n70os0.5-5.rcp;SMART_HEURISTIC;34.000000;0;0.000000;0.000000;0.000000;0.394267;0.000000;
n70os0.5-6.rcp;SMART_HEURISTIC;39.000000;0;0.000000;0.000000;0.000000;0.462635;0.000000;
n70os0.5-7.rcp;SMART_HEURISTIC;38.000000;0;0.000000;0.000000;0.000000;0.405997;0.000000;
n70os0.5-8.rcp;SMART_HEURISTIC;44.000000;0;0.000000;0.000000;0.000000;0.463833;0.000000;
n70os0.5-9.rcp;SMART_HEURISTIC;37.000000;0;0.000000;0.000000;0.000000;0.440340;0.000000;
n70os0.7-10.rcp;SMART_HEURISTIC;33.000000;0;0.000000;0.000000;0.000000;0.459870;0.000000;
n70os0.7-1.rcp;SMART_HEURISTIC;37.000000;0;0.000000;0.000000;0.000000;0.495231;0.000000;
n70os0.7-2.rcp;SMART_HEURISTIC;34.000000;0;0.000000;0.000000;0.000000;0.440915;0.000000;
n70os0.7-3.rcp;SMART_HEURISTIC;35.000000;0;0.000000;0.000000;0.000000;0.495597;0.000000;
n70os0.7-4.rcp;SMART_HEURISTIC;37.000000;0;0.000000;0.000000;0.000000;0.461543;0.000000;
n70os0.7-5.rcp;SMART_HEURISTIC;33.000000;0;0.000000;0.000000;0.000000;0.402858;0.000000;
n70os0.7-6.rcp;SMART_HEURISTIC;32.000000;0;0.000000;0.000000;0.000000;0.402918;0.000000;
n70os0.7-7.rcp;SMART_HEURISTIC;37.000000;0;0.000000;0.000000;0.000000;0.493665;0.000000;
n70os0.7-8.rcp;SMART_HEURISTIC;38.000000;0;0.000000;0.000000;0.000000;0.490845;0.000000;
n70os0.7-9.rcp;SMART_HEURISTIC;35.000000;0;0.000000;0.000000;0.000000;0.481351;0.000000;
n70os0.8-10.rcp;SMART_HEURISTIC;32.000000;0;0.000000;0.000000;0.000000;0.441375;0.000000;
n70os0.8-1.rcp;SMART_HEURISTIC;32.000000;0;0.000000;0.000000;0.000000;0.342773;0.000000;
n70os0.8-2.rcp;SMART_HEURISTIC;32.000000;0;0.000000;0.000000;0.000000;0.416223;0.000000;
n70os0.8-3.rcp;SMART_HEURISTIC;33.000000;0;0.000000;0.000000;0.000000;0.402711;0.000000;
n70os0.8-4.rcp;SMART_HEURISTIC;34.000000;0;0.000000;0.000000;0.000000;0.447804;0.000000;
n70os0.8-5.rcp;SMART_HEURISTIC;36.000000;0;0.000000;0.000000;0.000000;0.505033;0.000000;
n70os0.8-6.rcp;SMART_HEURISTIC;34.000000;0;0.000000;0.000000;0.000000;0.481114;0.000000;
n70os0.8-7.rcp;SMART_HEURISTIC;35.000000;0;0.000000;0.000000;0.000000;0.497496;0.000000;
n70os0.8-8.rcp;SMART_HEURISTIC;31.000000;0;0.000000;0.000000;0.000000;0.425946;0.000000;
n70os0.8-9.rcp;SMART_HEURISTIC;35.000000;0;0.000000;0.000000;0.000000;0.471417;0.000000;
n70os0.9-10.rcp;SMART_HEURISTIC;28.000000;0;0.000000;0.000000;0.000000;0.299199;0.000000;
n70os0.9-1.rcp;SMART_HEURISTIC;31.000000;0;0.000000;0.000000;0.000000;0.317793;0.000000;
n70os0.9-2.rcp;SMART_HEURISTIC;28.000000;0;0.000000;0.000000;0.000000;0.326940;0.000000;
n70os0.9-3.rcp;SMART_HEURISTIC;31.000000;0;0.000000;0.000000;0.000000;0.344931;0.000000;
n70os0.9-4.rcp;SMART_HEURISTIC;27.000000;0;0.000000;0.000000;0.000000;0.310837;0.000000;
n70os0.95-10.rcp;SMART_HEURISTIC;25.000000;0;0.000000;0.000000;0.000000;0.224843;0.000000;
n70os0.95-1.rcp;SMART_HEURISTIC;24.000000;0;0.000000;0.000000;0.000000;0.230341;0.000000;
n70os0.95-2.rcp;SMART_HEURISTIC;27.000000;0;0.000000;0.000000;0.000000;0.251627;0.000000;
n70os0.95-3.rcp;SMART_HEURISTIC;27.000000;0;0.000000;0.000000;0.000000;0.242755;0.000000;
n70os0.95-4.rcp;SMART_HEURISTIC;24.000000;0;0.000000;0.000000;0.000000;0.229293;0.000000;
n70os0.95-5.rcp;SMART_HEURISTIC;25.000000;0;0.000000;0.000000;0.000000;0.240645;0.000000;
n70os0.95-6.rcp;SMART_HEURISTIC;27.000000;0;0.000000;0.000000;0.000000;0.261125;0.000000;
n70os0.95-7.rcp;SMART_HEURISTIC;26.000000;0;0.000000;0.000000;0.000000;0.244371;0.000000;
n70os0.95-8.rcp;SMART_HEURISTIC;27.000000;0;0.000000;0.000000;0.000000;0.249928;0.000000;
n70os0.95-9.rcp;SMART_HEURISTIC;28.000000;0;0.000000;0.000000;0.000000;0.267992;0.000000;
n70os0.9-5.rcp;SMART_HEURISTIC;30.000000;0;0.000000;0.000000;0.000000;0.337431;0.000000;
n70os0.9-6.rcp;SMART_HEURISTIC;31.000000;0;0.000000;0.000000;0.000000;0.351193;0.000000;
n70os0.9-7.rcp;SMART_HEURISTIC;26.000000;0;0.000000;0.000000;0.000000;0.309251;0.000000;
n70os0.9-8.rcp;SMART_HEURISTIC;31.000000;0;0.000000;0.000000;0.000000;0.326085;0.000000;
n70os0.9-9.rcp;SMART_HEURISTIC;29.000000;0;0.000000;0.000000;0.000000;0.379417;0.000000;
p43.1.sop.ajn.txt;SMART_HEURISTIC;3.000000;0;0.000000;0.000000;0.000000;0.004431;0.000000;
p43.2.sop.ajn.txt;SMART_HEURISTIC;3.000000;0;0.000000;0.000000;0.000000;0.004342;0.000000;
p43.3.sop.ajn.txt;SMART_HEURISTIC;8.000000;0;0.000000;0.000000;0.000000;0.009813;0.000000;
p43.4.sop.ajn.txt;SMART_HEURISTIC;10.000000;0;0.000000;0.000000;0.000000;0.023363;0.000000;
prob.100.sop.ajn.txt;SMART_HEURISTIC;0.000000;0;0.000000;0.000000;0.000000;0.011397;0.000000;
prob.42.sop.ajn.txt;SMART_HEURISTIC;1.000000;0;0.000000;0.000000;0.000000;0.003611;0.000000;
rbg048a.sop.ajn.txt;SMART_HEURISTIC;32.000000;0;0.000000;0.000000;0.000000;0.170330;0.000000;
rbg050c.sop.ajn.txt;SMART_HEURISTIC;33.000000;0;0.000000;0.000000;0.000000;0.378280;0.000000;
rbg109a.sop.ajn.txt;SMART_HEURISTIC;75.000000;0;0.000000;0.000000;0.000000;3.723059;0.000000;
rbg150a.sop.ajn.txt;SMART_HEURISTIC;107.000000;0;0.000000;0.000000;0.000000;13.672197;0.000000;
rbg174a.sop.ajn.txt;SMART_HEURISTIC;117.000000;0;0.000000;0.000000;0.000000;23.681875;0.000000;
rbg253a.sop.ajn.txt;SMART_HEURISTIC;167.000000;0;0.000000;0.000000;0.000000;90.038228;0.000000;
rbg323a.sop.ajn.txt;SMART_HEURISTIC;236.000000;0;0.000000;0.000000;0.000000;284.302617;0.000000;
rbg341a.sop.ajn.txt;SMART_HEURISTIC;243.000000;0;0.000000;0.000000;0.000000;326.304540;0.000000;
rbg358a.sop.ajn.txt;SMART_HEURISTIC;245.000000;0;0.000000;0.000000;0.000000;416.110189;0.000000;
rbg378a.sop.ajn.txt;SMART_HEURISTIC;270.000000;0;0.000000;0.000000;0.000000;495.299549;0.000000;
ry48p.1.sop.ajn.txt;SMART_HEURISTIC;1.000000;0;0.000000;0.000000;0.000000;0.003761;0.000000;
ry48p.2.sop.ajn.txt;SMART_HEURISTIC;4.000000;0;0.000000;0.000000;0.000000;0.005126;0.000000;
ry48p.3.sop.ajn.txt;SMART_HEURISTIC;12.000000;0;0.000000;0.000000;0.000000;0.019764;0.000000;
ry48p.4.sop.ajn.txt;SMART_HEURISTIC;13.000000;0;0.000000;0.000000;0.000000;0.036556;0.000000;
