instance,algorithm,num_jumps,num_explored_nodes,primal_bound,dual_bound,cuts_added_by_solver,status,mean_in_degree,nodes_indegree_gt_one,closed_edge_density,num_edges,num_closed_edges,group_id,algorithm_right,max_in_degree,num_nodes,instance_type,runtime
n10o0.7-8.rcp,FEASIBILITY,3.0,0,4.0,4.0,0.0,2,1.3846153846153846,5,0.8205128205128205,18,64,n10,FEASIBILITY,3,13,generated,0.128368
n10os0.9-10.rcp,FEASIBILITY,2.0,0,3.0,3.0,0.0,2,1.1538461538461537,3,0.9358974358974359,15,73,n10,FEASIBILITY,2,13,generated,0.05063
n50os0.95-2.rcp,FEASIBILITY,17.0,1,18.0,18.0,0.0,2,1.7358490566037736,32,0.9550072568940493,92,1316,n50,FEASIBILITY,3,53,generated,6976.115142
n10os0.9-6.rcp,SMART_HEURISTIC,2.0,0,0.0,0.0,0.0,,1.1538461538461537,3,0.9358974358974359,15,73,n10,FEASIBILITY,2,13,generated,0.002206
n70os0.95-2.rcp,SMART_HEURISTIC,27.0,0,0.0,0.0,0.0,,1.8767123287671232,44,0.9539573820395738,137,2507,n70,FEASIBILITY,3,73,generated,0.251627
n50os0.2-6.rcp,SMART_HEURISTIC,33.0,0,0.0,0.0,0.0,,3.9622641509433962,32,0.2888243831640058,210,398,n50,FEASIBILITY,21,53,generated,0.224866
n20o0.9-1.rcp,SMART_HEURISTIC,7.0,0,0.0,0.0,0.0,,1.5217391304347827,11,0.924901185770751,35,234,n20,FEASIBILITY,3,23,generated,0.009107
n30s0.7-10.rcp,FEASIBILITY,12.0,9547,13.0,13.0,0.0,2,2.4545454545454546,23,0.7518939393939394,81,397,n30,FEASIBILITY,6,33,generated,5973.231862
rbg253a.sop.ajn.txt,SMART_HEURISTIC,167.0,0,0.0,0.0,0.0,,6.783464566929134,245,0.947184961563599,1723,30434,sop,FEASIBILITY,17,254,sop,90.038228
n30os0.9-1.rcp,SMART_HEURISTIC,10.0,0,0.0,0.0,0.0,,1.696969696969697,18,0.9166666666666666,56,484,n30,FEASIBILITY,4,33,generated,0.023
n10o0.7-1.rcp,FEASIBILITY,3.0,0,4.0,4.0,0.0,2,1.3076923076923077,3,0.8205128205128205,17,64,n10,FEASIBILITY,4,13,generated,0.09498
ft70.1.sop.ajn.txt,SMART_HEURISTIC,3.0,0,0.0,0.0,0.0,,1.0285714285714285,3,0.03561076604554866,72,86,sop,FEASIBILITY,2,70,sop,0.007763
n30os0.9-8.rcp,SMART_HEURISTIC,13.0,0,0.0,0.0,0.0,,1.7575757575757576,20,0.9166666666666666,58,484,n30,FEASIBILITY,3,33,generated,0.029667
n10os0.9-7.rcp,SMART_HEURISTIC,3.0,0,0.0,0.0,0.0,,1.2307692307692308,4,0.9358974358974359,16,73,n10,FEASIBILITY,2,13,generated,0.002526
n60os0.5-6.rcp,SMART_HEURISTIC,31.0,0,0.0,0.0,0.0,,4.809523809523809,43,0.5468509984639017,303,1068,n60,FEASIBILITY,13,63,generated,0.223303
n10o0.7-5.rcp,SMART_HEURISTIC,3.0,0,0.0,0.0,0.0,,1.6153846153846154,6,0.8205128205128205,21,64,n10,FEASIBILITY,3,13,generated,0.002703
n30s0.2-9.rcp,SMART_HEURISTIC,18.0,0,0.0,0.0,0.0,,2.696969696969697,15,0.3409090909090909,89,180,n30,FEASIBILITY,10,33,generated,0.046694
n10o0.95-8.rcp,FEASIBILITY,2.0,0,3.0,3.0,0.0,2,1.0769230769230769,2,0.9615384615384616,14,75,n10,FEASIBILITY,2,13,generated,0.049145
n30os0.9-2.rcp,SMART_HEURISTIC,11.0,0,0.0,0.0,0.0,,1.696969696969697,16,0.9166666666666666,56,484,n30,FEASIBILITY,3,33,generated,0.024605
n70os0.8-4.rcp,SMART_HEURISTIC,34.0,0,0.0,0.0,0.0,,3.835616438356164,60,0.8162100456621004,280,2145,n70,FEASIBILITY,8,73,generated,0.447804
n10o0.7-3.rcp,FEASIBILITY,3.0,0,4.0,4.0,0.0,2,1.4615384615384615,6,0.8205128205128205,19,64,n10,FEASIBILITY,3,13,generated,0.141417
n20o0.7-9.rcp,SMART_HEURISTIC,11.0,0,0.0,0.0,0.0,,2.6956521739130435,16,0.7747035573122529,62,196,n20,FEASIBILITY,5,23,generated,0.015372
n70os0.7-4.rcp,SMART_HEURISTIC,37.0,0,0.0,0.0,0.0,,4.232876712328767,59,0.724124809741248,309,1903,n70,FEASIBILITY,11,73,generated,0.461543
n10o0.5-7.rcp,FEASIBILITY,4.0,0,5.0,5.0,0.0,2,1.6923076923076923,5,0.7051282051282052,22,55,n10,FEASIBILITY,4,13,generated,0.333769
n10o0.2-6.rcp,SMART_HEURISTIC,5.0,0,0.0,0.0,0.0,,1.3846153846153846,3,0.5384615384615384,18,42,n10,FEASIBILITY,4,13,generated,0.003371
n30s0.5-1.rcp,SMART_HEURISTIC,15.0,0,0.0,0.0,0.0,,2.9696969696969697,20,0.5871212121212122,98,310,n30,FEASIBILITY,7,33,generated,0.036015
n10o0.2-6.rcp,FEASIBILITY,5.0,1,6.0,6.0,0.0,2,1.3846153846153846,3,0.5384615384615384,18,42,n10,FEASIBILITY,4,13,generated,1.851817
n40os0.9-4.rcp,SMART_HEURISTIC,16.0,0,0.0,0.0,0.0,,1.7906976744186047,25,0.9136212624584718,77,825,n40,FEASIBILITY,4,43,generated,0.057932
n30s0.8-2.rcp,SMART_HEURISTIC,10.0,0,0.0,0.0,0.0,,2.0,19,0.8352272727272727,66,441,n30,FEASIBILITY,5,33,generated,0.024175
n30s0.5-7.rcp,SMART_HEURISTIC,15.0,0,0.0,0.0,0.0,,2.8181818181818183,22,0.5871212121212122,93,310,n30,FEASIBILITY,7,33,generated,0.036263
n50os0.95-4.rcp,SMART_HEURISTIC,17.0,0,0.0,0.0,0.0,,1.6603773584905661,28,0.9550072568940493,88,1316,n50,FEASIBILITY,4,53,generated,0.091684
kro124p.1.sop.ajn.txt,SMART_HEURISTIC,3.0,0,0.0,0.0,0.0,,1.02,3,0.02666666666666667,102,132,sop,FEASIBILITY,2,100,sop,0.011597
n50os0.9-1.rcp,FEASIBILITY,20.0,5314,21.0,21.0,0.0,2,2.2641509433962264,43,0.9107402031930334,120,1255,n50,FEASIBILITY,4,53,generated,27861.728698
n50os0.95-8.rcp,FEASIBILITY,19.0,1,20.0,20.0,0.0,2,1.849056603773585,35,0.9550072568940493,98,1316,n50,FEASIBILITY,4,53,generated,8388.749143
n50os0.5-4.rcp,SMART_HEURISTIC,28.0,0,0.0,0.0,0.0,,4.39622641509434,36,0.5551523947750363,233,765,n50,FEASIBILITY,11,53,generated,0.143126
n10o0.95-7.rcp,FEASIBILITY,2.0,0,3.0,3.0,0.0,2,1.0769230769230769,2,0.9615384615384616,14,75,n10,FEASIBILITY,2,13,generated,0.0492
n40os0.5-9.rcp,SMART_HEURISTIC,19.0,0,0.0,0.0,0.0,,3.0232558139534884,28,0.5681063122923588,130,513,n40,FEASIBILITY,11,43,generated,0.072969
br17.10.sop.ajn.txt,FEASIBILITY,1.0,0,2.0,2.0,0.0,2,1.0,1,0.22794117647058823,17,31,sop,FEASIBILITY,2,17,sop,0.021302
esc78.sop.ajn.txt,SMART_HEURISTIC,0.0,0,0.0,0.0,0.0,,0.9873417721518988,0,0.11716975008114248,78,361,sop,FEASIBILITY,1,79,sop,0.006752
n30s0.8-2.rcp,FEASIBILITY,10.0,453,11.0,11.0,0.0,2,2.0,19,0.8352272727272727,66,441,n30,FEASIBILITY,5,33,generated,390.279264
n30os0.9-7.rcp,FEASIBILITY,12.0,1,13.0,13.0,0.0,2,1.7272727272727273,18,0.9166666666666666,57,484,n30,FEASIBILITY,4,33,generated,658.56174
br17.12.sop.ajn.txt,FEASIBILITY,2.0,0,3.0,3.0,0.0,2,1.0588235294117647,2,0.27941176470588236,18,38,sop,FEASIBILITY,2,17,sop,0.148419
n60os0.95-10.rcp,SMART_HEURISTIC,21.0,0,0.0,0.0,0.0,,1.873015873015873,40,0.9544290834613415,118,1864,n60,FEASIBILITY,5,63,generated,0.150003
n10o0.2-2.rcp,SMART_HEURISTIC,5.0,0,0.0,0.0,0.0,,1.5384615384615385,3,0.5384615384615384,20,42,n10,FEASIBILITY,5,13,generated,0.003999
n30os0.95-8.rcp,FEASIBILITY,8.0,1,9.0,9.0,0.0,2,1.3636363636363635,10,0.9583333333333334,45,506,n30,FEASIBILITY,3,33,generated,101.375319
rbg174a.sop.ajn.txt,SMART_HEURISTIC,117.0,0,0.0,0.0,0.0,,6.371428571428571,166,0.9280131362889984,1115,14129,sop,FEASIBILITY,17,175,sop,23.681875
n10o0.95-1.rcp,SMART_HEURISTIC,3.0,0,0.0,0.0,0.0,,1.3076923076923077,5,0.9615384615384616,17,75,n10,FEASIBILITY,2,13,generated,0.002568
n50os0.7-7.rcp,SMART_HEURISTIC,26.0,0,0.0,0.0,0.0,,3.811320754716981,42,0.7329462989840348,202,1010,n50,FEASIBILITY,9,53,generated,0.163245
n50os0.8-9.rcp,SMART_HEURISTIC,22.0,0,0.0,0.0,0.0,,3.1132075471698113,43,0.8222060957910015,165,1133,n50,FEASIBILITY,6,53,generated,0.126237
n50os0.9-5.rcp,SMART_HEURISTIC,21.0,0,0.0,0.0,0.0,,2.169811320754717,33,0.9107402031930334,115,1255,n50,FEASIBILITY,5,53,generated,0.13087
n60os0.7-1.rcp,SMART_HEURISTIC,31.0,0,0.0,0.0,0.0,,4.0476190476190474,50,0.728110599078341,255,1422,n60,FEASIBILITY,8,63,generated,0.301743
prob.100.sop.ajn.txt,SMART_HEURISTIC,0.0,0,0.0,0.0,0.0,,0.98989898989899,0,0.02865388579674294,98,139,sop,FEASIBILITY,1,99,sop,0.011397
n10os0.9-3.rcp,SMART_HEURISTIC,3.0,0,0.0,0.0,0.0,,1.1538461538461537,2,0.9358974358974359,15,73,n10,FEASIBILITY,3,13,generated,0.002463
n70os0.7-3.rcp,SMART_HEURISTIC,35.0,0,0.0,0.0,0.0,,4.397260273972603,60,0.724124809741248,321,1903,n70,FEASIBILITY,11,73,generated,0.495597
n20o0.5-9.rcp,SMART_HEURISTIC,10.0,0,0.0,0.0,0.0,,2.0,13,0.6245059288537549,46,158,n20,FEASIBILITY,4,23,generated,0.012642
n20o0.5-2.rcp,FEASIBILITY,10.0,3070,11.0,11.0,0.0,2,2.4782608695652173,14,0.6245059288537549,57,158,n20,FEASIBILITY,5,23,generated,1936.010316
n30s0.7-4.rcp,SMART_HEURISTIC,15.0,0,0.0,0.0,0.0,,2.878787878787879,24,0.7518939393939394,95,397,n30,FEASIBILITY,6,33,generated,0.037462
n20o0.7-9.rcp,FEASIBILITY,10.0,12113,11.0,11.0,0.0,2,2.6956521739130435,16,0.7747035573122529,62,196,n20,FEASIBILITY,5,23,generated,341.238083
n60os0.9-4.rcp,SMART_HEURISTIC,24.0,0,0.0,0.0,0.0,,2.6666666666666665,54,0.9093701996927803,168,1776,n60,FEASIBILITY,5,63,generated,0.216994
n20o0.7-6.rcp,SMART_HEURISTIC,9.0,0,0.0,0.0,0.0,,2.4347826086956523,16,0.7747035573122529,56,196,n20,FEASIBILITY,5,23,generated,0.012407
n60os0.7-5.rcp,SMART_HEURISTIC,31.0,0,0.0,0.0,0.0,,3.873015873015873,49,0.728110599078341,244,1422,n60,FEASIBILITY,9,63,generated,0.268385
n70os0.8-2.rcp,SMART_HEURISTIC,32.0,0,0.0,0.0,0.0,,3.6575342465753424,61,0.8162100456621004,267,2145,n70,FEASIBILITY,8,73,generated,0.416223
n20o0.8-8.rcp,FEASIBILITY,7.0,0,8.0,8.0,0.0,2,1.826086956521739,14,0.849802371541502,42,215,n20,FEASIBILITY,4,23,generated,9.821757
n20o0.7-7.rcp,SMART_HEURISTIC,8.0,0,0.0,0.0,0.0,,2.3043478260869565,15,0.7747035573122529,53,196,n20,FEASIBILITY,6,23,generated,0.011042
n70os0.95-3.rcp,SMART_HEURISTIC,27.0,0,0.0,0.0,0.0,,1.904109589041096,44,0.9539573820395738,139,2507,n70,FEASIBILITY,4,73,generated,0.242755
n40os0.8-8.rcp,SMART_HEURISTIC,18.0,0,0.0,0.0,0.0,,2.4186046511627906,32,0.8272425249169435,104,747,n40,FEASIBILITY,5,43,generated,0.074011
n10o0.5-9.rcp,FEASIBILITY,4.0,0,5.0,5.0,0.0,2,1.7692307692307692,6,0.7051282051282052,23,55,n10,FEASIBILITY,4,13,generated,0.316871
n50os0.95-6.rcp,SMART_HEURISTIC,17.0,0,0.0,0.0,0.0,,1.5849056603773586,27,0.9550072568940493,84,1316,n50,FEASIBILITY,4,53,generated,0.089969
n50os0.2-8.rcp,SMART_HEURISTIC,32.0,0,0.0,0.0,0.0,,4.2075471698113205,28,0.2888243831640058,223,398,n50,FEASIBILITY,18,53,generated,0.186523
n20o0.95-10.rcp,SMART_HEURISTIC,3.0,0,0.0,0.0,0.0,,1.2173913043478262,5,0.9604743083003953,28,243,n20,FEASIBILITY,3,23,generated,0.005788
n10o0.2-2.rcp,FEASIBILITY,5.0,0,6.0,6.0,0.0,2,1.5384615384615385,3,0.5384615384615384,20,42,n10,FEASIBILITY,5,13,generated,1.429612
n70os0.5-9.rcp,SMART_HEURISTIC,37.0,0,0.0,0.0,0.0,,5.301369863013699,54,0.5403348554033486,387,1420,n70,FEASIBILITY,12,73,generated,0.44034
n20o0.7-5.rcp,SMART_HEURISTIC,10.0,0,0.0,0.0,0.0,,2.1739130434782608,13,0.7747035573122529,50,196,n20,FEASIBILITY,5,23,generated,0.012834
n50os0.7-8.rcp,SMART_HEURISTIC,24.0,0,0.0,0.0,0.0,,3.4339622641509435,43,0.7329462989840348,182,1010,n50,FEASIBILITY,8,53,generated,0.14032
n40os0.2-2.rcp,SMART_HEURISTIC,24.0,0,0.0,0.0,0.0,,2.883720930232558,19,0.3089700996677741,124,279,n40,FEASIBILITY,10,43,generated,0.08571
n30s0.5-5.rcp,SMART_HEURISTIC,16.0,0,0.0,0.0,0.0,,3.0,21,0.5871212121212122,99,310,n30,FEASIBILITY,7,33,generated,0.038087
n20o0.8-1.rcp,FEASIBILITY,7.0,1,8.0,8.0,0.0,2,1.826086956521739,13,0.849802371541502,42,215,n20,FEASIBILITY,4,23,generated,9.863671
kro124p.2.sop.ajn.txt,SMART_HEURISTIC,12.0,0,0.0,0.0,0.0,,1.12,10,0.03373737373737374,112,167,sop,FEASIBILITY,4,100,sop,0.022492
n40os0.5-7.rcp,SMART_HEURISTIC,19.0,0,0.0,0.0,0.0,,3.5813953488372094,31,0.5681063122923588,154,513,n40,FEASIBILITY,10,43,generated,0.081464
n50os0.8-10.rcp,SMART_HEURISTIC,22.0,0,0.0,0.0,0.0,,2.849056603773585,42,0.8222060957910015,151,1133,n50,FEASIBILITY,5,53,generated,0.122847
n40os0.8-4.rcp,SMART_HEURISTIC,16.0,0,0.0,0.0,0.0,,2.5348837209302326,34,0.8272425249169435,109,747,n40,FEASIBILITY,5,43,generated,0.068699
n20o0.5-6.rcp,FEASIBILITY,9.0,1821,10.0,10.0,0.0,2,2.4782608695652173,13,0.6245059288537549,57,158,n20,FEASIBILITY,6,23,generated,674.392818
n60os0.95-1.rcp,SMART_HEURISTIC,23.0,0,0.0,0.0,0.0,,2.015873015873016,42,0.9544290834613415,127,1864,n60,FEASIBILITY,4,63,generated,0.167681
n70os0.95-1.rcp,SMART_HEURISTIC,24.0,0,0.0,0.0,0.0,,1.8904109589041096,48,0.9539573820395738,138,2507,n70,FEASIBILITY,3,73,generated,0.230341
n50os0.7-6.rcp,SMART_HEURISTIC,23.0,0,0.0,0.0,0.0,,3.30188679245283,42,0.7329462989840348,175,1010,n50,FEASIBILITY,6,53,generated,0.13203
n20o0.9-2.rcp,SMART_HEURISTIC,5.0,0,0.0,0.0,0.0,,1.5217391304347827,11,0.924901185770751,35,234,n20,FEASIBILITY,3,23,generated,0.007264
n70os0.2-4.rcp,SMART_HEURISTIC,48.0,0,0.0,0.0,0.0,,5.013698630136986,43,0.2648401826484018,366,696,n70,FEASIBILITY,27,73,generated,0.525118
n60os0.8-2.rcp,SMART_HEURISTIC,29.0,0,0.0,0.0,0.0,,3.0952380952380953,52,0.8187403993855606,195,1599,n60,FEASIBILITY,8,63,generated,0.258923
n50os0.5-5.rcp,SMART_HEURISTIC,28.0,0,0.0,0.0,0.0,,4.226415094339623,35,0.5551523947750363,224,765,n50,FEASIBILITY,13,53,generated,0.13882
n40os0.2-6.rcp,SMART_HEURISTIC,26.0,0,0.0,0.0,0.0,,3.395348837209302,17,0.3089700996677741,146,279,n40,FEASIBILITY,14,43,generated,0.111851
n20o0.7-2.rcp,FEASIBILITY,9.0,1,10.0,10.0,0.0,2,1.7826086956521738,11,0.7747035573122529,41,196,n20,FEASIBILITY,5,23,generated,91.790986
n20o0.9-9.rcp,SMART_HEURISTIC,5.0,0,0.0,0.0,0.0,,1.3478260869565217,7,0.924901185770751,31,234,n20,FEASIBILITY,3,23,generated,0.007183
n50os0.95-1.rcp,SMART_HEURISTIC,18.0,0,0.0,0.0,0.0,,1.7169811320754718,29,0.9550072568940493,91,1316,n50,FEASIBILITY,4,53,generated,0.098748
n40os0.2-3.rcp,SMART_HEURISTIC,24.0,0,0.0,0.0,0.0,,3.2093023255813953,22,0.3089700996677741,138,279,n40,FEASIBILITY,16,43,generated,0.092633
n60os0.95-6.rcp,SMART_HEURISTIC,20.0,0,0.0,0.0,0.0,,1.7936507936507937,36,0.9544290834613415,113,1864,n60,FEASIBILITY,4,63,generated,0.128061
n60os0.5-8.rcp,SMART_HEURISTIC,30.0,0,0.0,0.0,0.0,,4.650793650793651,47,0.5468509984639017,293,1068,n60,FEASIBILITY,10,63,generated,0.205943
ft53.1.sop.ajn.txt,SMART_HEURISTIC,2.0,0,0.0,0.0,0.0,,1.0188679245283019,2,0.04644412191582003,54,64,sop,FEASIBILITY,2,53,sop,0.005416
n10o0.8-6.rcp,FEASIBILITY,4.0,0,5.0,5.0,0.0,2,1.5384615384615385,7,0.8846153846153846,20,69,n10,FEASIBILITY,3,13,generated,0.281654
n50os0.5-3.rcp,SMART_HEURISTIC,28.0,0,0.0,0.0,0.0,,4.226415094339623,39,0.5551523947750363,224,765,n50,FEASIBILITY,12,53,generated,0.147494
rbg358a.sop.ajn.txt,SMART_HEURISTIC,245.0,0,0.0,0.0,0.0,,9.030640668523677,354,0.8853581487994273,3242,56894,sop,FEASIBILITY,23,359,sop,416.110189
n30s0.8-5.rcp,SMART_HEURISTIC,14.0,0,0.0,0.0,0.0,,2.303030303030303,24,0.8352272727272727,76,441,n30,FEASIBILITY,4,33,generated,0.035016
n20o0.95-7.rcp,FEASIBILITY,6.0,0,7.0,7.0,0.0,2,1.391304347826087,9,0.9604743083003953,32,243,n20,FEASIBILITY,3,23,generated,4.223736
n20o0.8-4.rcp,SMART_HEURISTIC,8.0,0,0.0,0.0,0.0,,1.8695652173913044,12,0.849802371541502,43,215,n20,FEASIBILITY,6,23,generated,0.010269
ry48p.2.sop.ajn.txt,SMART_HEURISTIC,4.0,0,0.0,0.0,0.0,,1.0625,4,0.06471631205673758,51,73,sop,FEASIBILITY,2,48,sop,0.005126
n50os0.9-9.rcp,FEASIBILITY,18.0,7821,19.0,19.0,0.0,2,2.169811320754717,36,0.9107402031930334,115,1255,n50,FEASIBILITY,4,53,generated,13297.665657
n70os0.95-7.rcp,SMART_HEURISTIC,26.0,0,0.0,0.0,0.0,,1.9726027397260273,47,0.9539573820395738,144,2507,n70,FEASIBILITY,5,73,generated,0.244371
n20o0.2-8.rcp,SMART_HEURISTIC,11.0,0,0.0,0.0,0.0,,2.0,9,0.39920948616600793,46,101,n20,FEASIBILITY,7,23,generated,0.013204
n10o0.7-4.rcp,FEASIBILITY,3.0,0,4.0,4.0,0.0,2,1.4615384615384615,7,0.8205128205128205,19,64,n10,FEASIBILITY,2,13,generated,0.127561
esc25.sop.ajn.txt,FEASIBILITY,1.0,0,2.0,2.0,0.0,2,1.0,1,0.11076923076923077,26,36,sop,FEASIBILITY,2,26,sop,0.034015
n30os0.9-10.rcp,SMART_HEURISTIC,12.0,0,0.0,0.0,0.0,,1.6666666666666667,18,0.9166666666666666,55,484,n30,FEASIBILITY,3,33,generated,0.026749
n20o0.2-9.rcp,FEASIBILITY,9.0,13257,10.0,10.0,0.0,2,2.217391304347826,10,0.39920948616600793,51,101,n20,FEASIBILITY,9,23,generated,3116.759376
n10o0.2-3.rcp,FEASIBILITY,5.0,1,6.0,6.0,0.0,2,1.5384615384615385,4,0.5384615384615384,20,42,n10,FEASIBILITY,6,13,generated,0.952894
n10o0.5-1.rcp,FEASIBILITY,4.0,0,5.0,5.0,0.0,2,1.5384615384615385,7,0.7051282051282052,20,55,n10,FEASIBILITY,3,13,generated,0.346501
n10o0.2-7.rcp,SMART_HEURISTIC,5.0,0,0.0,0.0,0.0,,1.6923076923076923,3,0.5384615384615384,22,42,n10,FEASIBILITY,6,13,generated,0.003725
n10o0.7-10.rcp,FEASIBILITY,4.0,0,5.0,5.0,0.0,2,1.7692307692307692,6,0.8205128205128205,23,64,n10,FEASIBILITY,3,13,generated,0.305734
n10o0.95-9.rcp,SMART_HEURISTIC,2.0,0,0.0,0.0,0.0,,1.0769230769230769,2,0.9615384615384616,14,75,n10,FEASIBILITY,2,13,generated,0.002053
n20o0.9-8.rcp,SMART_HEURISTIC,5.0,0,0.0,0.0,0.0,,1.391304347826087,8,0.924901185770751,32,234,n20,FEASIBILITY,3,23,generated,0.006865
n70os0.2-9.rcp,SMART_HEURISTIC,45.0,0,0.0,0.0,0.0,,4.8493150684931505,42,0.2648401826484018,354,696,n70,FEASIBILITY,21,73,generated,0.499313
n10o0.7-6.rcp,FEASIBILITY,3.0,0,4.0,4.0,0.0,2,1.3076923076923077,4,0.8205128205128205,17,64,n10,FEASIBILITY,3,13,generated,0.130545
esc12.sop.ajn.txt,SMART_HEURISTIC,5.0,0,0.0,0.0,0.0,,1.3076923076923077,2,0.2948717948717949,17,23,sop,FEASIBILITY,4,13,sop,0.00307
n50os0.95-3.rcp,FEASIBILITY,16.0,1,17.0,17.0,0.0,2,1.6603773584905661,27,0.9550072568940493,88,1316,n50,FEASIBILITY,4,53,generated,4747.279034
n40os0.5-5.rcp,SMART_HEURISTIC,19.0,0,0.0,0.0,0.0,,3.558139534883721,29,0.5681063122923588,153,513,n40,FEASIBILITY,7,43,generated,0.075655
esc47.sop.ajn.txt,SMART_HEURISTIC,1.0,0,0.0,0.0,0.0,,1.0,1,0.0700354609929078,48,79,sop,FEASIBILITY,2,48,sop,0.004587
n10o0.8-5.rcp,FEASIBILITY,3.0,0,4.0,4.0,0.0,2,1.3846153846153846,6,0.8846153846153846,18,69,n10,FEASIBILITY,2,13,generated,0.135397
n40os0.5-8.rcp,SMART_HEURISTIC,22.0,0,0.0,0.0,0.0,,4.046511627906977,28,0.5681063122923588,174,513,n40,FEASIBILITY,11,43,generated,0.084196
n70os0.2-8.rcp,SMART_HEURISTIC,44.0,0,0.0,0.0,0.0,,4.890410958904109,42,0.2648401826484018,357,696,n70,FEASIBILITY,25,73,generated,0.420173
n20o0.9-3.rcp,FEASIBILITY,5.0,0,6.0,6.0,0.0,2,1.3478260869565217,7,0.924901185770751,31,234,n20,FEASIBILITY,3,23,generated,2.060111
n40os0.9-6.rcp,SMART_HEURISTIC,15.0,0,0.0,0.0,0.0,,2.0232558139534884,32,0.9136212624584718,87,825,n40,FEASIBILITY,4,43,generated,0.060744
n50os0.5-9.rcp,SMART_HEURISTIC,28.0,0,0.0,0.0,0.0,,4.320754716981132,38,0.5551523947750363,229,765,n50,FEASIBILITY,10,53,generated,0.157783
n20o0.95-4.rcp,SMART_HEURISTIC,4.0,0,0.0,0.0,0.0,,1.173913043478261,5,0.9604743083003953,27,243,n20,FEASIBILITY,2,23,generated,0.00667
n10o0.5-8.rcp,SMART_HEURISTIC,5.0,0,0.0,0.0,0.0,,1.8461538461538463,5,0.7051282051282052,24,55,n10,FEASIBILITY,4,13,generated,0.003717
n60os0.95-5.rcp,SMART_HEURISTIC,22.0,0,0.0,0.0,0.0,,1.8571428571428572,42,0.9544290834613415,117,1864,n60,FEASIBILITY,5,63,generated,0.176759
n10os0.9-6.rcp,FEASIBILITY,2.0,0,3.0,3.0,0.0,2,1.1538461538461537,3,0.9358974358974359,15,73,n10,FEASIBILITY,2,13,generated,0.049243
n30s0.8-10.rcp,FEASIBILITY,13.0,2627,14.0,14.0,0.0,2,2.4242424242424243,24,0.8352272727272727,80,441,n30,FEASIBILITY,5,33,generated,1872.249187
n20o0.95-7.rcp,SMART_HEURISTIC,6.0,0,0.0,0.0,0.0,,1.391304347826087,9,0.9604743083003953,32,243,n20,FEASIBILITY,3,23,generated,0.007862
n10o0.5-2.rcp,FEASIBILITY,4.0,0,5.0,5.0,0.0,2,1.5384615384615385,5,0.7051282051282052,20,55,n10,FEASIBILITY,3,13,generated,0.402001
n10os0.9-10.rcp,SMART_HEURISTIC,2.0,0,0.0,0.0,0.0,,1.1538461538461537,3,0.9358974358974359,15,73,n10,FEASIBILITY,2,13,generated,0.002087
n70os0.7-7.rcp,SMART_HEURISTIC,37.0,0,0.0,0.0,0.0,,4.575342465753424,57,0.724124809741248,334,1903,n70,FEASIBILITY,9,73,generated,0.493665
n30s0.5-6.rcp,SMART_HEURISTIC,14.0,0,0.0,0.0,0.0,,2.8484848484848486,21,0.5871212121212122,94,310,n30,FEASIBILITY,8,33,generated,0.033062
n10o0.5-7.rcp,SMART_HEURISTIC,5.0,0,0.0,0.0,0.0,,1.6923076923076923,5,0.7051282051282052,22,55,n10,FEASIBILITY,4,13,generated,0.003957
n60os0.7-8.rcp,SMART_HEURISTIC,28.0,0,0.0,0.0,0.0,,4.365079365079365,51,0.728110599078341,275,1422,n60,FEASIBILITY,9,63,generated,0.286644
n20o0.95-10.rcp,FEASIBILITY,3.0,0,4.0,4.0,0.0,2,1.2173913043478262,5,0.9604743083003953,28,243,n20,FEASIBILITY,3,23,generated,0.342327
n20o0.5-2.rcp,SMART_HEURISTIC,11.0,0,0.0,0.0,0.0,,2.4782608695652173,14,0.6245059288537549,57,158,n20,FEASIBILITY,5,23,generated,0.014483
n30os0.95-7.rcp,SMART_HEURISTIC,8.0,0,0.0,0.0,0.0,,1.4242424242424243,13,0.9583333333333334,47,506,n30,FEASIBILITY,3,33,generated,0.018489
n10o0.8-2.rcp,FEASIBILITY,2.0,0,3.0,3.0,0.0,2,1.3076923076923077,5,0.8846153846153846,17,69,n10,FEASIBILITY,2,13,generated,0.049593
n30s0.8-9.rcp,SMART_HEURISTIC,12.0,0,0.0,0.0,0.0,,2.090909090909091,24,0.8352272727272727,69,441,n30,FEASIBILITY,4,33,generated,0.029458
p43.4.sop.ajn.txt,SMART_HEURISTIC,10.0,0,0.0,0.0,0.0,,1.3488372093023255,11,0.5957918050941307,58,538,sop,FEASIBILITY,4,43,sop,0.023363
n20o0.7-10.rcp,SMART_HEURISTIC,9.0,0,0.0,0.0,0.0,,2.0,13,0.7747035573122529,46,196,n20,FEASIBILITY,4,23,generated,0.011577
prob.42.sop.ajn.txt,FEASIBILITY,1.0,0,2.0,2.0,0.0,2,1.0,1,0.07195121951219512,41,59,sop,FEASIBILITY,2,41,sop,0.067906
n10o0.8-2.rcp,SMART_HEURISTIC,2.0,0,0.0,0.0,0.0,,1.3076923076923077,5,0.8846153846153846,17,69,n10,FEASIBILITY,2,13,generated,0.002181
n10o0.2-3.rcp,SMART_HEURISTIC,5.0,0,0.0,0.0,0.0,,1.5384615384615385,4,0.5384615384615384,20,42,n10,FEASIBILITY,6,13,generated,0.003952
n10o0.5-4.rcp,SMART_HEURISTIC,5.0,0,0.0,0.0,0.0,,1.7692307692307692,6,0.7051282051282052,23,55,n10,FEASIBILITY,4,13,generated,0.003726
n30os0.9-6.rcp,SMART_HEURISTIC,9.0,0,0.0,0.0,0.0,,1.6666666666666667,18,0.9166666666666666,55,484,n30,FEASIBILITY,3,33,generated,0.021338
n70os0.8-6.rcp,SMART_HEURISTIC,34.0,0,0.0,0.0,0.0,,3.7260273972602738,64,0.8162100456621004,272,2145,n70,FEASIBILITY,8,73,generated,0.481114
n40os0.7-10.rcp,SMART_HEURISTIC,19.0,0,0.0,0.0,0.0,,3.046511627906977,33,0.7408637873754153,131,669,n40,FEASIBILITY,7,43,generated,0.080675
n70os0.9-6.rcp,SMART_HEURISTIC,31.0,0,0.0,0.0,0.0,,2.6027397260273974,53,0.9079147640791476,190,2386,n70,FEASIBILITY,5,73,generated,0.351193
n20o0.5-10.rcp,SMART_HEURISTIC,8.0,0,0.0,0.0,0.0,,1.9130434782608696,12,0.6245059288537549,44,158,n20,FEASIBILITY,7,23,generated,0.010373
n40os0.8-5.rcp,SMART_HEURISTIC,18.0,0,0.0,0.0,0.0,,2.6744186046511627,33,0.8272425249169435,115,747,n40,FEASIBILITY,5,43,generated,0.074682
n50os0.7-2.rcp,SMART_HEURISTIC,24.0,0,0.0,0.0,0.0,,3.2264150943396226,41,0.7329462989840348,171,1010,n50,FEASIBILITY,9,53,generated,0.130889
n30s0.7-1.rcp,SMART_HEURISTIC,16.0,0,0.0,0.0,0.0,,2.5454545454545454,21,0.7518939393939394,84,397,n30,FEASIBILITY,5,33,generated,0.036985
n30os0.95-7.rcp,FEASIBILITY,8.0,1,9.0,9.0,0.0,2,1.4242424242424243,13,0.9583333333333334,47,506,n30,FEASIBILITY,3,33,generated,85.475138
n60os0.95-2.rcp,SMART_HEURISTIC,19.0,0,0.0,0.0,0.0,,1.7777777777777777,38,0.9544290834613415,112,1864,n60,FEASIBILITY,3,63,generated,0.152595
n50os0.2-9.rcp,SMART_HEURISTIC,31.0,0,0.0,0.0,0.0,,3.660377358490566,29,0.2888243831640058,194,398,n50,FEASIBILITY,18,53,generated,0.16527
n50os0.95-1.rcp,FEASIBILITY,18.0,1,19.0,19.0,0.0,2,1.7169811320754718,29,0.9550072568940493,91,1316,n50,FEASIBILITY,4,53,generated,8195.105329
n50os0.7-1.rcp,SMART_HEURISTIC,23.0,0,0.0,0.0,0.0,,3.830188679245283,42,0.7329462989840348,203,1010,n50,FEASIBILITY,9,53,generated,0.135995
n50os0.95-8.rcp,SMART_HEURISTIC,19.0,0,0.0,0.0,0.0,,1.849056603773585,35,0.9550072568940493,98,1316,n50,FEASIBILITY,4,53,generated,0.107656
n10o0.95-5.rcp,SMART_HEURISTIC,2.0,0,0.0,0.0,0.0,,1.0769230769230769,2,0.9615384615384616,14,75,n10,FEASIBILITY,2,13,generated,0.002324
n50os0.95-5.rcp,SMART_HEURISTIC,18.0,0,0.0,0.0,0.0,,1.7547169811320755,35,0.9550072568940493,93,1316,n50,FEASIBILITY,4,53,generated,0.101676
n50os0.5-2.rcp,SMART_HEURISTIC,30.0,0,0.0,0.0,0.0,,4.320754716981132,36,0.5551523947750363,229,765,n50,FEASIBILITY,10,53,generated,0.15944
n30os0.9-3.rcp,FEASIBILITY,9.0,1,10.0,10.0,0.0,2,1.5757575757575757,13,0.9166666666666666,52,484,n30,FEASIBILITY,4,33,generated,184.243802
n20o0.8-10.rcp,SMART_HEURISTIC,8.0,0,0.0,0.0,0.0,,1.9130434782608696,14,0.849802371541502,44,215,n20,FEASIBILITY,3,23,generated,0.01025
n10o0.7-5.rcp,FEASIBILITY,3.0,0,4.0,4.0,0.0,2,1.6153846153846154,6,0.8205128205128205,21,64,n10,FEASIBILITY,3,13,generated,0.114319
n10o0.5-3.rcp,FEASIBILITY,5.0,0,6.0,6.0,0.0,2,1.7692307692307692,7,0.7051282051282052,23,55,n10,FEASIBILITY,4,13,generated,0.879694
n30s0.7-4.rcp,FEASIBILITY,14.0,8187,15.0,15.0,0.0,2,2.878787878787879,24,0.7518939393939394,95,397,n30,FEASIBILITY,6,33,generated,17696.638015
n10o0.8-9.rcp,FEASIBILITY,4.0,0,5.0,5.0,0.0,2,1.5384615384615385,8,0.8846153846153846,20,69,n10,FEASIBILITY,2,13,generated,0.301278
n10os0.9-9.rcp,SMART_HEURISTIC,3.0,0,0.0,0.0,0.0,,1.1538461538461537,2,0.9358974358974359,15,73,n10,FEASIBILITY,3,13,generated,0.002535
n70os0.5-4.rcp,SMART_HEURISTIC,41.0,0,0.0,0.0,0.0,,5.767123287671233,50,0.5403348554033486,421,1420,n70,FEASIBILITY,13,73,generated,0.509296
n10o0.95-8.rcp,SMART_HEURISTIC,2.0,0,0.0,0.0,0.0,,1.0769230769230769,2,0.9615384615384616,14,75,n10,FEASIBILITY,2,13,generated,0.002256
n10o0.95-6.rcp,FEASIBILITY,2.0,0,3.0,3.0,0.0,2,1.0769230769230769,2,0.9615384615384616,14,75,n10,FEASIBILITY,2,13,generated,0.049278
n60os0.2-8.rcp,SMART_HEURISTIC,36.0,0,0.0,0.0,0.0,,4.619047619047619,27,0.2749615975422427,291,537,n60,FEASIBILITY,19,63,generated,0.276146
n60os0.2-4.rcp,SMART_HEURISTIC,37.0,0,0.0,0.0,0.0,,4.587301587301587,32,0.2749615975422427,289,537,n60,FEASIBILITY,23,63,generated,0.307156
ft70.4.sop.ajn.txt,SMART_HEURISTIC,17.0,0,0.0,0.0,0.0,,1.4285714285714286,26,0.5772256728778468,100,1394,sop,FEASIBILITY,3,70,sop,0.118147
n50os0.8-4.rcp,SMART_HEURISTIC,20.0,0,0.0,0.0,0.0,,2.7358490566037736,43,0.8222060957910015,145,1133,n50,FEASIBILITY,5,53,generated,0.111558
n50os0.95-7.rcp,FEASIBILITY,16.0,1,17.0,17.0,0.0,2,1.7547169811320755,26,0.9550072568940493,93,1316,n50,FEASIBILITY,5,53,generated,6680.303761
prob.100.sop.ajn.txt,FEASIBILITY,0.0,0,1.0,1.0,0.0,2,0.98989898989899,0,0.02865388579674294,98,139,sop,FEASIBILITY,1,99,sop,0.060904
n60os0.8-8.rcp,SMART_HEURISTIC,25.0,0,0.0,0.0,0.0,,2.8253968253968256,50,0.8187403993855606,178,1599,n60,FEASIBILITY,6,63,generated,0.20757
n30s0.5-9.rcp,SMART_HEURISTIC,17.0,0,0.0,0.0,0.0,,2.9696969696969697,21,0.5871212121212122,98,310,n30,FEASIBILITY,8,33,generated,0.037217
n40os0.7-4.rcp,SMART_HEURISTIC,21.0,0,0.0,0.0,0.0,,3.4186046511627906,33,0.7408637873754153,147,669,n40,FEASIBILITY,7,43,generated,0.09253
n20o0.5-9.rcp,FEASIBILITY,10.0,1,11.0,11.0,0.0,2,2.0,13,0.6245059288537549,46,158,n20,FEASIBILITY,4,23,generated,2066.900322
n20o0.2-7.rcp,FEASIBILITY,9.0,24169,10.0,10.0,0.0,2,2.0869565217391304,9,0.39920948616600793,48,101,n20,FEASIBILITY,10,23,generated,2427.015549
n20o0.95-8.rcp,FEASIBILITY,7.0,0,8.0,8.0,0.0,2,1.5217391304347827,13,0.9604743083003953,35,243,n20,FEASIBILITY,2,23,generated,6.072435
n70os0.5-7.rcp,SMART_HEURISTIC,38.0,0,0.0,0.0,0.0,,5.438356164383562,52,0.5403348554033486,397,1420,n70,FEASIBILITY,13,73,generated,0.405997
n10os0.9-1.rcp,SMART_HEURISTIC,3.0,0,0.0,0.0,0.0,,1.2307692307692308,4,0.9358974358974359,16,73,n10,FEASIBILITY,2,13,generated,0.002539
n40os0.8-7.rcp,SMART_HEURISTIC,16.0,0,0.0,0.0,0.0,,2.558139534883721,32,0.8272425249169435,110,747,n40,FEASIBILITY,5,43,generated,0.068259
n40os0.7-8.rcp,SMART_HEURISTIC,23.0,0,0.0,0.0,0.0,,3.3488372093023258,32,0.7408637873754153,144,669,n40,FEASIBILITY,8,43,generated,0.09157
n70os0.2-7.rcp,SMART_HEURISTIC,46.0,0,0.0,0.0,0.0,,5.260273972602739,39,0.2648401826484018,384,696,n70,FEASIBILITY,23,73,generated,0.508874
n20o0.95-8.rcp,SMART_HEURISTIC,7.0,0,0.0,0.0,0.0,,1.5217391304347827,13,0.9604743083003953,35,243,n20,FEASIBILITY,2,23,generated,0.00929
n60os0.5-7.rcp,SMART_HEURISTIC,34.0,0,0.0,0.0,0.0,,4.841269841269841,45,0.5468509984639017,305,1068,n60,FEASIBILITY,13,63,generated,0.270572
n60os0.7-7.rcp,SMART_HEURISTIC,29.0,0,0.0,0.0,0.0,,3.9206349206349205,52,0.728110599078341,247,1422,n60,FEASIBILITY,9,63,generated,0.269378
n10o0.95-2.rcp,SMART_HEURISTIC,3.0,0,0.0,0.0,0.0,,1.2307692307692308,4,0.9615384615384616,16,75,n10,FEASIBILITY,2,13,generated,0.002415
n70os0.5-2.rcp,SMART_HEURISTIC,41.0,0,0.0,0.0,0.0,,5.424657534246576,52,0.5403348554033486,396,1420,n70,FEASIBILITY,14,73,generated,0.536696
n10o0.8-5.rcp,SMART_HEURISTIC,3.0,0,0.0,0.0,0.0,,1.3846153846153846,6,0.8846153846153846,18,69,n10,FEASIBILITY,2,13,generated,0.002769
n20o0.8-7.rcp,SMART_HEURISTIC,7.0,0,0.0,0.0,0.0,,1.6956521739130435,13,0.849802371541502,39,215,n20,FEASIBILITY,3,23,generated,0.009286
n30os0.95-6.rcp,SMART_HEURISTIC,9.0,0,0.0,0.0,0.0,,1.4545454545454546,14,0.9583333333333334,48,506,n30,FEASIBILITY,3,33,generated,0.02042
n40os0.8-1.rcp,SMART_HEURISTIC,20.0,0,0.0,0.0,0.0,,2.697674418604651,36,0.8272425249169435,116,747,n40,FEASIBILITY,7,43,generated,0.090162
n50os0.95-10.rcp,SMART_HEURISTIC,17.0,0,0.0,0.0,0.0,,1.7358490566037736,35,0.9550072568940493,92,1316,n50,FEASIBILITY,4,53,generated,0.101374
n60os0.7-2.rcp,SMART_HEURISTIC,30.0,0,0.0,0.0,0.0,,3.619047619047619,48,0.728110599078341,228,1422,n60,FEASIBILITY,10,63,generated,0.228066
n30s0.7-2.rcp,FEASIBILITY,12.0,6731,13.0,13.0,0.0,2,2.757575757575758,23,0.7518939393939394,91,397,n30,FEASIBILITY,5,33,generated,5886.038124
n20o0.95-2.rcp,SMART_HEURISTIC,5.0,0,0.0,0.0,0.0,,1.3043478260869565,8,0.9604743083003953,30,243,n20,FEASIBILITY,2,23,generated,0.00718
n20o0.8-9.rcp,FEASIBILITY,7.0,1,8.0,8.0,0.0,2,1.7826086956521738,13,0.849802371541502,41,215,n20,FEASIBILITY,4,23,generated,9.183106
n50os0.7-3.rcp,SMART_HEURISTIC,19.0,0,0.0,0.0,0.0,,3.30188679245283,40,0.7329462989840348,175,1010,n50,FEASIBILITY,7,53,generated,0.108166
n70os0.8-9.rcp,SMART_HEURISTIC,35.0,0,0.0,0.0,0.0,,3.780821917808219,60,0.8162100456621004,276,2145,n70,FEASIBILITY,9,73,generated,0.471417
n50os0.9-10.rcp,FEASIBILITY,18.0,2925,19.0,19.0,0.0,2,2.207547169811321,42,0.9107402031930334,117,1255,n50,FEASIBILITY,4,53,generated,8297.120492
n30os0.95-5.rcp,FEASIBILITY,6.0,0,7.0,7.0,0.0,2,1.3333333333333333,11,0.9583333333333334,44,506,n30,FEASIBILITY,3,33,generated,9.314974
n30s0.7-9.rcp,SMART_HEURISTIC,15.0,0,0.0,0.0,0.0,,2.8181818181818183,25,0.7518939393939394,93,397,n30,FEASIBILITY,5,33,generated,0.039804
n20o0.8-4.rcp,FEASIBILITY,8.0,1,9.0,9.0,0.0,2,1.8695652173913044,12,0.849802371541502,43,215,n20,FEASIBILITY,6,23,generated,27.100018
n10o0.8-8.rcp,SMART_HEURISTIC,3.0,0,0.0,0.0,0.0,,1.3076923076923077,4,0.8846153846153846,17,69,n10,FEASIBILITY,3,13,generated,0.002777
n40os0.9-7.rcp,SMART_HEURISTIC,14.0,0,0.0,0.0,0.0,,1.9534883720930232,27,0.9136212624584718,84,825,n40,FEASIBILITY,4,43,generated,0.054539
n40os0.5-10.rcp,SMART_HEURISTIC,23.0,0,0.0,0.0,0.0,,3.883720930232558,30,0.5681063122923588,167,513,n40,FEASIBILITY,9,43,generated,0.097718
n50os0.8-3.rcp,SMART_HEURISTIC,23.0,0,0.0,0.0,0.0,,3.0,45,0.8222060957910015,159,1133,n50,FEASIBILITY,6,53,generated,0.179623
n30os0.95-6.rcp,FEASIBILITY,8.0,1,9.0,9.0,0.0,2,1.4545454545454546,14,0.9583333333333334,48,506,n30,FEASIBILITY,3,33,generated,81.015662
n10o0.7-4.rcp,SMART_HEURISTIC,3.0,0,0.0,0.0,0.0,,1.4615384615384615,7,0.8205128205128205,19,64,n10,FEASIBILITY,2,13,generated,0.002376
n50os0.95-5.rcp,FEASIBILITY,16.0,1,17.0,17.0,0.0,2,1.7547169811320755,35,0.9550072568940493,93,1316,n50,FEASIBILITY,4,53,generated,4888.856532
n70os0.8-7.rcp,SMART_HEURISTIC,35.0,0,0.0,0.0,0.0,,3.808219178082192,62,0.8162100456621004,278,2145,n70,FEASIBILITY,9,73,generated,0.497496
n60os0.2-1.rcp,SMART_HEURISTIC,40.0,0,0.0,0.0,0.0,,4.968253968253968,35,0.2749615975422427,313,537,n60,FEASIBILITY,25,63,generated,0.319535
n60os0.2-7.rcp,SMART_HEURISTIC,40.0,0,0.0,0.0,0.0,,4.507936507936508,36,0.2749615975422427,284,537,n60,FEASIBILITY,24,63,generated,0.348493
n20o0.7-5.rcp,FEASIBILITY,9.0,7032,10.0,10.0,0.0,2,2.1739130434782608,13,0.7747035573122529,50,196,n20,FEASIBILITY,5,23,generated,146.225789
n50os0.2-4.rcp,SMART_HEURISTIC,33.0,0,0.0,0.0,0.0,,4.264150943396227,25,0.2888243831640058,226,398,n50,FEASIBILITY,19,53,generated,0.227433
n40os0.2-5.rcp,SMART_HEURISTIC,24.0,0,0.0,0.0,0.0,,3.3488372093023258,17,0.3089700996677741,144,279,n40,FEASIBILITY,13,43,generated,0.085523
n50os0.2-10.rcp,SMART_HEURISTIC,31.0,0,0.0,0.0,0.0,,3.981132075471698,27,0.2888243831640058,211,398,n50,FEASIBILITY,19,53,generated,0.188844
n10os0.9-3.rcp,FEASIBILITY,3.0,0,4.0,4.0,0.0,2,1.1538461538461537,2,0.9358974358974359,15,73,n10,FEASIBILITY,3,13,generated,0.120832
n30os0.95-1.rcp,FEASIBILITY,7.0,1,8.0,8.0,0.0,2,1.393939393939394,13,0.9583333333333334,46,506,n30,FEASIBILITY,3,33,generated,34.340613
n70os0.8-8.rcp,SMART_HEURISTIC,31.0,0,0.0,0.0,0.0,,3.684931506849315,62,0.8162100456621004,269,2145,n70,FEASIBILITY,7,73,generated,0.425946
n60os0.2-9.rcp,SMART_HEURISTIC,41.0,0,0.0,0.0,0.0,,4.7936507936507935,36,0.2749615975422427,302,537,n60,FEASIBILITY,23,63,generated,0.286643
esc07.sop.ajn.txt,SMART_HEURISTIC,2.0,0,0.0,0.0,0.0,,1.125,1,0.5,9,14,sop,FEASIBILITY,3,8,sop,0.001385
n50os0.5-10.rcp,SMART_HEURISTIC,25.0,0,0.0,0.0,0.0,,4.415094339622642,39,0.5551523947750363,234,765,n50,FEASIBILITY,11,53,generated,0.139208
n30s0.7-7.rcp,SMART_HEURISTIC,14.0,0,0.0,0.0,0.0,,2.212121212121212,19,0.7518939393939394,73,397,n30,FEASIBILITY,6,33,generated,0.032215
n50os0.5-7.rcp,SMART_HEURISTIC,25.0,0,0.0,0.0,0.0,,4.660377358490566,38,0.5551523947750363,247,765,n50,FEASIBILITY,11,53,generated,0.151879
br17.10.sop.ajn.txt,SMART_HEURISTIC,1.0,0,0.0,0.0,0.0,,1.0,1,0.22794117647058823,17,31,sop,FEASIBILITY,2,17,sop,0.00432
n30s0.5-10.rcp,SMART_HEURISTIC,15.0,0,0.0,0.0,0.0,,2.9393939393939394,24,0.5871212121212122,97,310,n30,FEASIBILITY,6,33,generated,0.037614
n70os0.8-3.rcp,SMART_HEURISTIC,33.0,0,0.0,0.0,0.0,,3.452054794520548,60,0.8162100456621004,252,2145,n70,FEASIBILITY,7,73,generated,0.402711
n20o0.8-10.rcp,FEASIBILITY,7.0,1,8.0,8.0,0.0,2,1.9130434782608696,14,0.849802371541502,44,215,n20,FEASIBILITY,3,23,generated,11.596013
ry48p.1.sop.ajn.txt,FEASIBILITY,1.0,0,2.0,2.0,0.0,2,1.0,1,0.05230496453900709,48,59,sop,FEASIBILITY,2,48,sop,0.232896
n70os0.2-5.rcp,SMART_HEURISTIC,43.0,0,0.0,0.0,0.0,,5.315068493150685,40,0.2648401826484018,388,696,n70,FEASIBILITY,23,73,generated,0.434406
p43.1.sop.ajn.txt,FEASIBILITY,3.0,1,4.0,4.0,0.0,2,1.0465116279069768,3,0.058693244739756366,45,53,sop,FEASIBILITY,2,43,sop,8.913684
esc11.sop.ajn.txt,SMART_HEURISTIC,0.0,0,0.0,0.0,0.0,,0.9166666666666666,0,0.24242424242424243,11,16,sop,FEASIBILITY,1,12,sop,0.001283
n40os0.2-8.rcp,SMART_HEURISTIC,25.0,0,0.0,0.0,0.0,,2.9767441860465116,21,0.3089700996677741,128,279,n40,FEASIBILITY,15,43,generated,0.094404
n20o0.8-5.rcp,FEASIBILITY,7.0,1,8.0,8.0,0.0,2,1.7391304347826086,12,0.849802371541502,40,215,n20,FEASIBILITY,4,23,generated,10.430282
n60os0.5-9.rcp,SMART_HEURISTIC,36.0,0,0.0,0.0,0.0,,4.777777777777778,44,0.5468509984639017,301,1068,n60,FEASIBILITY,15,63,generated,0.264481
n10o0.8-7.rcp,SMART_HEURISTIC,3.0,0,0.0,0.0,0.0,,1.2307692307692308,4,0.8846153846153846,16,69,n10,FEASIBILITY,2,13,generated,0.002463
n30s0.8-1.rcp,SMART_HEURISTIC,11.0,0,0.0,0.0,0.0,,2.121212121212121,20,0.8352272727272727,70,441,n30,FEASIBILITY,4,33,generated,0.025578
n10o0.2-8.rcp,FEASIBILITY,5.0,1,6.0,6.0,0.0,2,1.5384615384615385,3,0.5384615384615384,20,42,n10,FEASIBILITY,6,13,generated,1.120341
n60os0.5-10.rcp,SMART_HEURISTIC,30.0,0,0.0,0.0,0.0,,5.126984126984127,43,0.5468509984639017,323,1068,n60,FEASIBILITY,13,63,generated,0.23786
n50os0.9-6.rcp,SMART_HEURISTIC,22.0,0,0.0,0.0,0.0,,2.150943396226415,38,0.9107402031930334,114,1255,n50,FEASIBILITY,4,53,generated,0.131521
n10os0.9-8.rcp,SMART_HEURISTIC,3.0,0,0.0,0.0,0.0,,1.3076923076923077,5,0.9358974358974359,17,73,n10,FEASIBILITY,2,13,generated,0.00256
n60os0.95-4.rcp,SMART_HEURISTIC,18.0,0,0.0,0.0,0.0,,1.746031746031746,36,0.9544290834613415,110,1864,n60,FEASIBILITY,3,63,generated,0.144225
n60os0.9-8.rcp,SMART_HEURISTIC,23.0,0,0.0,0.0,0.0,,2.380952380952381,51,0.9093701996927803,150,1776,n60,FEASIBILITY,4,63,generated,0.18421
n30s0.2-7.rcp,SMART_HEURISTIC,16.0,0,0.0,0.0,0.0,,2.515151515151515,16,0.3409090909090909,83,180,n30,FEASIBILITY,11,33,generated,0.044126
n30s0.8-5.rcp,FEASIBILITY,12.0,6187,13.0,13.0,0.0,2,2.303030303030303,24,0.8352272727272727,76,441,n30,FEASIBILITY,4,33,generated,1353.116602
n20o0.7-10.rcp,FEASIBILITY,9.0,1,10.0,10.0,0.0,2,2.0,13,0.7747035573122529,46,196,n20,FEASIBILITY,4,23,generated,55.773814
n20o0.95-6.rcp,FEASIBILITY,5.0,0,6.0,6.0,0.0,2,1.3478260869565217,9,0.9604743083003953,31,243,n20,FEASIBILITY,2,23,generated,1.630193
ft53.4.sop.ajn.txt,SMART_HEURISTIC,14.0,0,0.0,0.0,0.0,,1.3962264150943395,18,0.5885341074020319,74,811,sop,FEASIBILITY,4,53,sop,0.054807
n10o0.5-9.rcp,SMART_HEURISTIC,5.0,0,0.0,0.0,0.0,,1.7692307692307692,6,0.7051282051282052,23,55,n10,FEASIBILITY,4,13,generated,0.003714
kro124p.4.sop.ajn.txt,SMART_HEURISTIC,27.0,0,0.0,0.0,0.0,,1.49,41,0.4856565656565657,149,2404,sop,FEASIBILITY,3,100,sop,0.331146
ft53.2.sop.ajn.txt,SMART_HEURISTIC,5.0,0,0.0,0.0,0.0,,1.0754716981132075,5,0.059506531204644414,57,82,sop,FEASIBILITY,2,53,sop,0.007273
n10o0.95-6.rcp,SMART_HEURISTIC,2.0,0,0.0,0.0,0.0,,1.0769230769230769,2,0.9615384615384616,14,75,n10,FEASIBILITY,2,13,generated,0.002079
n70os0.8-5.rcp,SMART_HEURISTIC,36.0,0,0.0,0.0,0.0,,3.73972602739726,62,0.8162100456621004,273,2145,n70,FEASIBILITY,8,73,generated,0.505033
n20o0.2-9.rcp,SMART_HEURISTIC,11.0,0,0.0,0.0,0.0,,2.217391304347826,10,0.39920948616600793,51,101,n20,FEASIBILITY,9,23,generated,0.015203
n60os0.5-3.rcp,SMART_HEURISTIC,31.0,0,0.0,0.0,0.0,,5.126984126984127,48,0.5468509984639017,323,1068,n60,FEASIBILITY,13,63,generated,0.246821
n10o0.5-5.rcp,SMART_HEURISTIC,5.0,0,0.0,0.0,0.0,,1.6153846153846154,5,0.7051282051282052,21,55,n10,FEASIBILITY,4,13,generated,0.004049
n20o0.9-10.rcp,FEASIBILITY,7.0,0,8.0,8.0,0.0,2,1.5217391304347827,10,0.924901185770751,35,234,n20,FEASIBILITY,3,23,generated,8.193217
n10o0.95-4.rcp,FEASIBILITY,2.0,0,3.0,3.0,0.0,2,1.0769230769230769,2,0.9615384615384616,14,75,n10,FEASIBILITY,2,13,generated,0.049163
n70os0.9-1.rcp,SMART_HEURISTIC,31.0,0,0.0,0.0,0.0,,2.3972602739726026,55,0.9079147640791476,175,2386,n70,FEASIBILITY,6,73,generated,0.317793
n40os0.5-6.rcp,SMART_HEURISTIC,22.0,0,0.0,0.0,0.0,,3.7209302325581395,32,0.5681063122923588,160,513,n40,FEASIBILITY,10,43,generated,0.089301
n30s0.8-7.rcp,FEASIBILITY,12.0,7153,13.0,13.0,0.0,2,2.1818181818181817,23,0.8352272727272727,72,441,n30,FEASIBILITY,6,33,generated,1022.722838
n40os0.7-1.rcp,SMART_HEURISTIC,19.0,0,0.0,0.0,0.0,,3.372093023255814,35,0.7408637873754153,145,669,n40,FEASIBILITY,7,43,generated,0.087184
n20o0.7-7.rcp,FEASIBILITY,8.0,1,9.0,9.0,0.0,2,2.3043478260869565,15,0.7747035573122529,53,196,n20,FEASIBILITY,6,23,generated,28.68886
n20o0.2-3.rcp,SMART_HEURISTIC,12.0,0,0.0,0.0,0.0,,2.0434782608695654,9,0.39920948616600793,47,101,n20,FEASIBILITY,9,23,generated,0.014752
n70os0.5-6.rcp,SMART_HEURISTIC,39.0,0,0.0,0.0,0.0,,5.808219178082192,53,0.5403348554033486,424,1420,n70,FEASIBILITY,15,73,generated,0.462635
n20o0.5-8.rcp,SMART_HEURISTIC,10.0,0,0.0,0.0,0.0,,2.5217391304347827,13,0.6245059288537549,58,158,n20,FEASIBILITY,7,23,generated,0.012577
n50os0.95-2.rcp,SMART_HEURISTIC,17.0,0,0.0,0.0,0.0,,1.7358490566037736,32,0.9550072568940493,92,1316,n50,FEASIBILITY,3,53,generated,0.093002
n10o0.2-4.rcp,SMART_HEURISTIC,6.0,0,0.0,0.0,0.0,,1.4615384615384615,3,0.5384615384615384,19,42,n10,FEASIBILITY,4,13,generated,0.004926
n30s0.8-6.rcp,SMART_HEURISTIC,12.0,0,0.0,0.0,0.0,,1.9696969696969697,20,0.8352272727272727,65,441,n30,FEASIBILITY,5,33,generated,0.027426
ft53.1.sop.ajn.txt,FEASIBILITY,2.0,1,3.0,3.0,0.0,2,1.0188679245283019,2,0.04644412191582003,54,64,sop,FEASIBILITY,2,53,sop,3.764714
ft70.3.sop.ajn.txt,SMART_HEURISTIC,19.0,0,0.0,0.0,0.0,,1.3571428571428572,17,0.11759834368530021,95,284,sop,FEASIBILITY,5,70,sop,0.05667
n30s0.2-1.rcp,SMART_HEURISTIC,20.0,0,0.0,0.0,0.0,,2.909090909090909,16,0.3409090909090909,96,180,n30,FEASIBILITY,10,33,generated,0.048779
n40os0.2-10.rcp,SMART_HEURISTIC,23.0,0,0.0,0.0,0.0,,3.13953488372093,20,0.3089700996677741,135,279,n40,FEASIBILITY,14,43,generated,0.106167
n40os0.9-5.rcp,SMART_HEURISTIC,14.0,0,0.0,0.0,0.0,,1.813953488372093,26,0.9136212624584718,78,825,n40,FEASIBILITY,5,43,generated,0.052999
n40os0.2-4.rcp,SMART_HEURISTIC,23.0,0,0.0,0.0,0.0,,3.0697674418604652,20,0.3089700996677741,132,279,n40,FEASIBILITY,16,43,generated,0.097887
n70os0.95-6.rcp,SMART_HEURISTIC,27.0,0,0.0,0.0,0.0,,2.041095890410959,50,0.9539573820395738,149,2507,n70,FEASIBILITY,4,73,generated,0.261125
n20o0.5-7.rcp,SMART_HEURISTIC,9.0,0,0.0,0.0,0.0,,2.260869565217391,11,0.6245059288537549,52,158,n20,FEASIBILITY,5,23,generated,0.010931
n10o0.7-2.rcp,SMART_HEURISTIC,2.0,0,0.0,0.0,0.0,,1.3076923076923077,4,0.8205128205128205,17,64,n10,FEASIBILITY,3,13,generated,0.002212
n50os0.9-1.rcp,SMART_HEURISTIC,21.0,0,0.0,0.0,0.0,,2.2641509433962264,43,0.9107402031930334,120,1255,n50,FEASIBILITY,4,53,generated,0.113217
n50os0.9-3.rcp,SMART_HEURISTIC,19.0,0,0.0,0.0,0.0,,2.1132075471698113,36,0.9107402031930334,112,1255,n50,FEASIBILITY,5,53,generated,0.094411
n20o0.5-1.rcp,FEASIBILITY,8.0,3488,9.0,9.0,0.0,2,2.217391304347826,14,0.6245059288537549,51,158,n20,FEASIBILITY,5,23,generated,256.072991
n20o0.5-4.rcp,SMART_HEURISTIC,10.0,0,0.0,0.0,0.0,,1.9565217391304348,10,0.6245059288537549,45,158,n20,FEASIBILITY,7,23,generated,0.012391
n50os0.9-7.rcp,FEASIBILITY,20.0,4497,21.0,21.0,0.0,2,2.2264150943396226,42,0.9107402031930334,118,1255,n50,FEASIBILITY,4,53,generated,25068.634098
ry48p.2.sop.ajn.txt,FEASIBILITY,4.0,1,5.0,5.0,0.0,2,1.0625,4,0.06471631205673758,51,73,sop,FEASIBILITY,2,48,sop,36.971094
n30os0.9-9.rcp,FEASIBILITY,10.0,1,11.0,11.0,0.0,2,1.7575757575757576,20,0.9166666666666666,58,484,n30,FEASIBILITY,3,33,generated,297.981071
n20o0.2-4.rcp,SMART_HEURISTIC,10.0,0,0.0,0.0,0.0,,1.8695652173913044,9,0.39920948616600793,43,101,n20,FEASIBILITY,8,23,generated,0.013051
n10os0.9-4.rcp,SMART_HEURISTIC,3.0,0,0.0,0.0,0.0,,1.2307692307692308,4,0.9358974358974359,16,73,n10,FEASIBILITY,2,13,generated,0.002568
n30os0.9-5.rcp,SMART_HEURISTIC,11.0,0,0.0,0.0,0.0,,1.606060606060606,17,0.9166666666666666,53,484,n30,FEASIBILITY,3,33,generated,0.024632
n20o0.8-9.rcp,SMART_HEURISTIC,8.0,0,0.0,0.0,0.0,,1.7826086956521738,13,0.849802371541502,41,215,n20,FEASIBILITY,4,23,generated,0.010393
n70os0.7-2.rcp,SMART_HEURISTIC,34.0,0,0.0,0.0,0.0,,4.3561643835616435,60,0.724124809741248,318,1903,n70,FEASIBILITY,9,73,generated,0.440915
n30s0.7-7.rcp,FEASIBILITY,13.0,6906,14.0,14.0,0.0,2,2.212121212121212,19,0.7518939393939394,73,397,n30,FEASIBILITY,6,33,generated,13098.744951
n30os0.95-10.rcp,SMART_HEURISTIC,7.0,0,0.0,0.0,0.0,,1.393939393939394,13,0.9583333333333334,46,506,n30,FEASIBILITY,3,33,generated,0.016168
n70os0.9-3.rcp,SMART_HEURISTIC,31.0,0,0.0,0.0,0.0,,2.6027397260273974,57,0.9079147640791476,190,2386,n70,FEASIBILITY,5,73,generated,0.344931
n20o0.2-6.rcp,SMART_HEURISTIC,11.0,0,0.0,0.0,0.0,,2.217391304347826,10,0.39920948616600793,51,101,n20,FEASIBILITY,9,23,generated,0.014268
n30s0.8-4.rcp,FEASIBILITY,12.0,9522,13.0,13.0,0.0,2,2.1818181818181817,23,0.8352272727272727,72,441,n30,FEASIBILITY,4,33,generated,1671.881945
n60os0.7-3.rcp,SMART_HEURISTIC,31.0,0,0.0,0.0,0.0,,4.015873015873016,52,0.728110599078341,253,1422,n60,FEASIBILITY,8,63,generated,0.274509
n20o0.8-3.rcp,SMART_HEURISTIC,8.0,0,0.0,0.0,0.0,,1.7391304347826086,10,0.849802371541502,40,215,n20,FEASIBILITY,4,23,generated,0.01024
esc11.sop.ajn.txt,FEASIBILITY,0.0,0,1.0,1.0,0.0,2,0.9166666666666666,0,0.24242424242424243,11,16,sop,FEASIBILITY,1,12,sop,0.003753
n10o0.2-8.rcp,SMART_HEURISTIC,5.0,0,0.0,0.0,0.0,,1.5384615384615385,3,0.5384615384615384,20,42,n10,FEASIBILITY,6,13,generated,0.003789
n70os0.9-9.rcp,SMART_HEURISTIC,29.0,0,0.0,0.0,0.0,,2.6301369863013697,63,0.9079147640791476,192,2386,n70,FEASIBILITY,4,73,generated,0.379417
n50os0.95-9.rcp,FEASIBILITY,15.0,1,16.0,16.0,0.0,2,1.5849056603773586,26,0.9550072568940493,84,1316,n50,FEASIBILITY,3,53,generated,4202.688695
n10o0.8-1.rcp,FEASIBILITY,3.0,0,4.0,4.0,0.0,2,1.3076923076923077,5,0.8846153846153846,17,69,n10,FEASIBILITY,2,13,generated,0.12315
n20o0.95-1.rcp,FEASIBILITY,3.0,0,4.0,4.0,0.0,2,1.1304347826086956,3,0.9604743083003953,26,243,n20,FEASIBILITY,3,23,generated,0.378531
n60os0.9-5.rcp,SMART_HEURISTIC,27.0,0,0.0,0.0,0.0,,2.380952380952381,47,0.9093701996927803,150,1776,n60,FEASIBILITY,4,63,generated,0.207091
n50os0.9-7.rcp,SMART_HEURISTIC,20.0,0,0.0,0.0,0.0,,2.2264150943396226,42,0.9107402031930334,118,1255,n50,FEASIBILITY,4,53,generated,0.126964
n30s0.2-3.rcp,SMART_HEURISTIC,19.0,0,0.0,0.0,0.0,,2.6363636363636362,15,0.3409090909090909,87,180,n30,FEASIBILITY,12,33,generated,0.043873
n50os0.9-8.rcp,FEASIBILITY,18.0,10618,19.0,19.0,0.0,2,2.1320754716981134,35,0.9107402031930334,113,1255,n50,FEASIBILITY,5,53,generated,15015.866231
n70os0.7-8.rcp,SMART_HEURISTIC,38.0,0,0.0,0.0,0.0,,4.178082191780822,57,0.724124809741248,305,1903,n70,FEASIBILITY,10,73,generated,0.490845
n50os0.8-6.rcp,SMART_HEURISTIC,24.0,0,0.0,0.0,0.0,,3.1132075471698113,43,0.8222060957910015,165,1133,n50,FEASIBILITY,6,53,generated,0.143171
n60os0.5-2.rcp,SMART_HEURISTIC,32.0,0,0.0,0.0,0.0,,4.7936507936507935,45,0.5468509984639017,302,1068,n60,FEASIBILITY,12,63,generated,0.249572
n20o0.7-8.rcp,FEASIBILITY,8.0,1,9.0,9.0,0.0,2,2.0869565217391304,14,0.7747035573122529,48,196,n20,FEASIBILITY,5,23,generated,33.193392
n20o0.95-9.rcp,FEASIBILITY,5.0,0,6.0,6.0,0.0,2,1.3043478260869565,8,0.9604743083003953,30,243,n20,FEASIBILITY,2,23,generated,1.868799
n40os0.8-9.rcp,SMART_HEURISTIC,17.0,0,0.0,0.0,0.0,,2.5348837209302326,34,0.8272425249169435,109,747,n40,FEASIBILITY,6,43,generated,0.071786
n30os0.9-1.rcp,FEASIBILITY,10.0,1,11.0,11.0,0.0,2,1.696969696969697,18,0.9166666666666666,56,484,n30,FEASIBILITY,4,33,generated,330.904211
n30os0.9-2.rcp,FEASIBILITY,10.0,1,11.0,11.0,0.0,2,1.696969696969697,16,0.9166666666666666,56,484,n30,FEASIBILITY,3,33,generated,304.433589
ft70.2.sop.ajn.txt,SMART_HEURISTIC,10.0,0,0.0,0.0,0.0,,1.1285714285714286,8,0.0484472049689441,79,117,sop,FEASIBILITY,3,70,sop,0.014097
n10o0.7-9.rcp,FEASIBILITY,4.0,0,5.0,5.0,0.0,2,1.6153846153846154,7,0.8205128205128205,21,64,n10,FEASIBILITY,3,13,generated,0.314645
n20o0.8-8.rcp,SMART_HEURISTIC,9.0,0,0.0,0.0,0.0,,1.826086956521739,14,0.849802371541502,42,215,n20,FEASIBILITY,4,23,generated,0.011405
n50os0.9-2.rcp,SMART_HEURISTIC,19.0,0,0.0,0.0,0.0,,2.2452830188679247,44,0.9107402031930334,119,1255,n50,FEASIBILITY,4,53,generated,0.104055
n10o0.8-1.rcp,SMART_HEURISTIC,3.0,0,0.0,0.0,0.0,,1.3076923076923077,5,0.8846153846153846,17,69,n10,FEASIBILITY,2,13,generated,0.002357
n10o0.7-7.rcp,FEASIBILITY,5.0,0,6.0,6.0,0.0,2,1.4615384615384615,3,0.8205128205128205,19,64,n10,FEASIBILITY,4,13,generated,0.719603
ry48p.4.sop.ajn.txt,SMART_HEURISTIC,13.0,0,0.0,0.0,0.0,,1.4375,15,0.5700354609929078,69,643,sop,FEASIBILITY,4,48,sop,0.036556
n10o0.5-4.rcp,FEASIBILITY,5.0,1,6.0,6.0,0.0,2,1.7692307692307692,6,0.7051282051282052,23,55,n10,FEASIBILITY,4,13,generated,0.912847
n60os0.5-4.rcp,SMART_HEURISTIC,34.0,0,0.0,0.0,0.0,,4.888888888888889,46,0.5468509984639017,308,1068,n60,FEASIBILITY,13,63,generated,0.29216
n30s0.8-7.rcp,SMART_HEURISTIC,14.0,0,0.0,0.0,0.0,,2.1818181818181817,23,0.8352272727272727,72,441,n30,FEASIBILITY,6,33,generated,0.034045
n10o0.2-9.rcp,FEASIBILITY,5.0,1,6.0,6.0,0.0,2,1.3846153846153846,3,0.5384615384615384,18,42,n10,FEASIBILITY,5,13,generated,1.71504
n20o0.95-6.rcp,SMART_HEURISTIC,5.0,0,0.0,0.0,0.0,,1.3478260869565217,9,0.9604743083003953,31,243,n20,FEASIBILITY,2,23,generated,0.007051
n20o0.9-7.rcp,SMART_HEURISTIC,7.0,0,0.0,0.0,0.0,,1.4782608695652173,12,0.924901185770751,34,234,n20,FEASIBILITY,2,23,generated,0.00929
n30os0.95-10.rcp,FEASIBILITY,7.0,1,8.0,8.0,0.0,2,1.393939393939394,13,0.9583333333333334,46,506,n30,FEASIBILITY,3,33,generated,40.75803
n10o0.2-9.rcp,SMART_HEURISTIC,5.0,0,0.0,0.0,0.0,,1.3846153846153846,3,0.5384615384615384,18,42,n10,FEASIBILITY,5,13,generated,0.003157
n30s0.5-2.rcp,SMART_HEURISTIC,15.0,0,0.0,0.0,0.0,,3.0606060606060606,24,0.5871212121212122,101,310,n30,FEASIBILITY,7,33,generated,0.038067
n10o0.8-4.rcp,SMART_HEURISTIC,3.0,0,0.0,0.0,0.0,,1.3076923076923077,4,0.8846153846153846,17,69,n10,FEASIBILITY,3,13,generated,0.002779
n10o0.8-10.rcp,SMART_HEURISTIC,4.0,0,0.0,0.0,0.0,,1.3846153846153846,4,0.8846153846153846,18,69,n10,FEASIBILITY,3,13,generated,0.003057
n60os0.9-1.rcp,SMART_HEURISTIC,23.0,0,0.0,0.0,0.0,,2.380952380952381,46,0.9093701996927803,150,1776,n60,FEASIBILITY,5,63,generated,0.170378
n50os0.5-6.rcp,SMART_HEURISTIC,28.0,0,0.0,0.0,0.0,,4.867924528301887,37,0.5551523947750363,258,765,n50,FEASIBILITY,10,53,generated,0.159495
n70os0.9-8.rcp,SMART_HEURISTIC,31.0,0,0.0,0.0,0.0,,2.506849315068493,56,0.9079147640791476,183,2386,n70,FEASIBILITY,7,73,generated,0.326085
n70os0.2-1.rcp,SMART_HEURISTIC,43.0,0,0.0,0.0,0.0,,4.6438356164383565,36,0.2648401826484018,339,696,n70,FEASIBILITY,18,73,generated,0.376935
n30s0.2-2.rcp,SMART_HEURISTIC,15.0,0,0.0,0.0,0.0,,2.515151515151515,14,0.3409090909090909,83,180,n30,FEASIBILITY,9,33,generated,0.034254
n40os0.9-3.rcp,SMART_HEURISTIC,16.0,0,0.0,0.0,0.0,,2.0,29,0.9136212624584718,86,825,n40,FEASIBILITY,6,43,generated,0.063342
n40os0.8-10.rcp,SMART_HEURISTIC,18.0,0,0.0,0.0,0.0,,2.488372093023256,29,0.8272425249169435,107,747,n40,FEASIBILITY,7,43,generated,0.067471
n30os0.9-8.rcp,FEASIBILITY,12.0,1,13.0,13.0,0.0,2,1.7575757575757576,20,0.9166666666666666,58,484,n30,FEASIBILITY,3,33,generated,648.901404
n70os0.95-4.rcp,SMART_HEURISTIC,24.0,0,0.0,0.0,0.0,,1.917808219178082,43,0.9539573820395738,140,2507,n70,FEASIBILITY,4,73,generated,0.229293
n20o0.2-7.rcp,SMART_HEURISTIC,10.0,0,0.0,0.0,0.0,,2.0869565217391304,9,0.39920948616600793,48,101,n20,FEASIBILITY,10,23,generated,0.014051
n40os0.9-8.rcp,SMART_HEURISTIC,16.0,0,0.0,0.0,0.0,,1.9069767441860466,30,0.9136212624584718,82,825,n40,FEASIBILITY,4,43,generated,0.063418
n50os0.95-10.rcp,FEASIBILITY,16.0,1,17.0,17.0,0.0,2,1.7358490566037736,35,0.9550072568940493,92,1316,n50,FEASIBILITY,4,53,generated,4890.545479
n40os0.9-1.rcp,SMART_HEURISTIC,19.0,0,0.0,0.0,0.0,,2.046511627906977,26,0.9136212624584718,88,825,n40,FEASIBILITY,4,43,generated,0.073973
n30s0.5-8.rcp,SMART_HEURISTIC,15.0,0,0.0,0.0,0.0,,3.242424242424242,21,0.5871212121212122,107,310,n30,FEASIBILITY,7,33,generated,0.035958
n10o0.8-8.rcp,FEASIBILITY,3.0,0,4.0,4.0,0.0,2,1.3076923076923077,4,0.8846153846153846,17,69,n10,FEASIBILITY,3,13,generated,0.120663
n40os0.7-9.rcp,SMART_HEURISTIC,22.0,0,0.0,0.0,0.0,,2.7674418604651163,31,0.7408637873754153,119,669,n40,FEASIBILITY,7,43,generated,0.09203
n30s0.7-8.rcp,FEASIBILITY,12.0,10981,13.0,13.0,0.0,2,2.909090909090909,25,0.7518939393939394,96,397,n30,FEASIBILITY,6,33,generated,5205.446059
n60os0.8-5.rcp,SMART_HEURISTIC,27.0,0,0.0,0.0,0.0,,3.142857142857143,51,0.8187403993855606,198,1599,n60,FEASIBILITY,8,63,generated,0.254534
n30s0.7-6.rcp,SMART_HEURISTIC,16.0,0,0.0,0.0,0.0,,2.757575757575758,21,0.7518939393939394,91,397,n30,FEASIBILITY,7,33,generated,0.040343
n30s0.8-8.rcp,FEASIBILITY,12.0,7198,13.0,13.0,0.0,2,2.303030303030303,22,0.8352272727272727,76,441,n30,FEASIBILITY,4,33,generated,1329.316374
n70os0.9-4.rcp,SMART_HEURISTIC,27.0,0,0.0,0.0,0.0,,2.5205479452054793,60,0.9079147640791476,184,2386,n70,FEASIBILITY,5,73,generated,0.310837
n30s0.8-6.rcp,FEASIBILITY,12.0,4044,13.0,13.0,0.0,2,1.9696969696969697,20,0.8352272727272727,65,441,n30,FEASIBILITY,5,33,generated,1008.489972
n30s0.2-10.rcp,SMART_HEURISTIC,17.0,0,0.0,0.0,0.0,,2.484848484848485,12,0.3409090909090909,82,180,n30,FEASIBILITY,14,33,generated,0.043878
n60os0.2-5.rcp,SMART_HEURISTIC,39.0,0,0.0,0.0,0.0,,4.079365079365079,29,0.2749615975422427,257,537,n60,FEASIBILITY,17,63,generated,0.278106
n30s0.7-2.rcp,SMART_HEURISTIC,14.0,0,0.0,0.0,0.0,,2.757575757575758,23,0.7518939393939394,91,397,n30,FEASIBILITY,5,33,generated,0.033574
n20o0.8-2.rcp,SMART_HEURISTIC,8.0,0,0.0,0.0,0.0,,1.826086956521739,11,0.849802371541502,42,215,n20,FEASIBILITY,3,23,generated,0.010653
n60os0.7-6.rcp,SMART_HEURISTIC,33.0,0,0.0,0.0,0.0,,4.380952380952381,49,0.728110599078341,276,1422,n60,FEASIBILITY,9,63,generated,0.324854
n20o0.5-3.rcp,SMART_HEURISTIC,8.0,0,0.0,0.0,0.0,,2.4347826086956523,13,0.6245059288537549,56,158,n20,FEASIBILITY,5,23,generated,0.010851
n10o0.5-5.rcp,FEASIBILITY,5.0,0,6.0,6.0,0.0,2,1.6153846153846154,5,0.7051282051282052,21,55,n10,FEASIBILITY,4,13,generated,0.865102
ft53.2.sop.ajn.txt,FEASIBILITY,5.0,1,6.0,6.0,0.0,2,1.0754716981132075,5,0.059506531204644414,57,82,sop,FEASIBILITY,2,53,sop,186.799954
n20o0.2-2.rcp,SMART_HEURISTIC,11.0,0,0.0,0.0,0.0,,2.0,8,0.39920948616600793,46,101,n20,FEASIBILITY,9,23,generated,0.015133
n30os0.95-4.rcp,FEASIBILITY,8.0,1,9.0,9.0,0.0,2,1.4545454545454546,15,0.9583333333333334,48,506,n30,FEASIBILITY,3,33,generated,93.438801
n30s0.8-9.rcp,FEASIBILITY,10.0,1,11.0,11.0,0.0,2,2.090909090909091,24,0.8352272727272727,69,441,n30,FEASIBILITY,4,33,generated,341.116632
n60os0.8-9.rcp,SMART_HEURISTIC,29.0,0,0.0,0.0,0.0,,3.1587301587301586,52,0.8187403993855606,199,1599,n60,FEASIBILITY,7,63,generated,0.238864
n20o0.7-3.rcp,SMART_HEURISTIC,8.0,0,0.0,0.0,0.0,,1.826086956521739,13,0.7747035573122529,42,196,n20,FEASIBILITY,4,23,generated,0.01043
n30os0.95-3.rcp,SMART_HEURISTIC,9.0,0,0.0,0.0,0.0,,1.4545454545454546,15,0.9583333333333334,48,506,n30,FEASIBILITY,3,33,generated,0.020516
n20o0.9-6.rcp,SMART_HEURISTIC,6.0,0,0.0,0.0,0.0,,1.4782608695652173,11,0.924901185770751,34,234,n20,FEASIBILITY,3,23,generated,0.008148
n10os0.9-2.rcp,FEASIBILITY,3.0,0,4.0,4.0,0.0,2,1.3076923076923077,5,0.9358974358974359,17,73,n10,FEASIBILITY,2,13,generated,0.119918
n20o0.5-4.rcp,FEASIBILITY,8.0,4354,9.0,9.0,0.0,2,1.9565217391304348,10,0.6245059288537549,45,158,n20,FEASIBILITY,7,23,generated,166.151607
n10o0.95-7.rcp,SMART_HEURISTIC,2.0,0,0.0,0.0,0.0,,1.0769230769230769,2,0.9615384615384616,14,75,n10,FEASIBILITY,2,13,generated,0.002214
n30os0.9-9.rcp,SMART_HEURISTIC,11.0,0,0.0,0.0,0.0,,1.7575757575757576,20,0.9166666666666666,58,484,n30,FEASIBILITY,3,33,generated,0.025835
n40os0.7-2.rcp,SMART_HEURISTIC,19.0,0,0.0,0.0,0.0,,2.813953488372093,32,0.7408637873754153,121,669,n40,FEASIBILITY,8,43,generated,0.080116
n20o0.9-3.rcp,SMART_HEURISTIC,5.0,0,0.0,0.0,0.0,,1.3478260869565217,7,0.924901185770751,31,234,n20,FEASIBILITY,3,23,generated,0.007299
n20o0.7-1.rcp,FEASIBILITY,9.0,1,10.0,10.0,0.0,2,2.1739130434782608,15,0.7747035573122529,50,196,n20,FEASIBILITY,5,23,generated,77.061301
n60os0.8-4.rcp,SMART_HEURISTIC,26.0,0,0.0,0.0,0.0,,3.4285714285714284,51,0.8187403993855606,216,1599,n60,FEASIBILITY,6,63,generated,0.228854
n60os0.2-3.rcp,SMART_HEURISTIC,38.0,0,0.0,0.0,0.0,,4.428571428571429,33,0.2749615975422427,279,537,n60,FEASIBILITY,19,63,generated,0.275439
rbg109a.sop.ajn.txt,SMART_HEURISTIC,75.0,0,0.0,0.0,0.0,,5.709090909090909,93,0.9070892410341952,628,5438,sop,FEASIBILITY,11,110,sop,3.723059
n70os0.5-5.rcp,SMART_HEURISTIC,34.0,0,0.0,0.0,0.0,,4.890410958904109,57,0.5403348554033486,357,1420,n70,FEASIBILITY,13,73,generated,0.394267
n70os0.5-1.rcp,SMART_HEURISTIC,40.0,0,0.0,0.0,0.0,,5.671232876712328,55,0.5403348554033486,414,1420,n70,FEASIBILITY,13,73,generated,0.473942
n10o0.2-5.rcp,SMART_HEURISTIC,6.0,0,0.0,0.0,0.0,,1.3846153846153846,3,0.5384615384615384,18,42,n10,FEASIBILITY,4,13,generated,0.004033
n50os0.2-2.rcp,SMART_HEURISTIC,33.0,0,0.0,0.0,0.0,,4.018867924528302,29,0.2888243831640058,213,398,n50,FEASIBILITY,19,53,generated,0.211779
n70os0.95-9.rcp,SMART_HEURISTIC,28.0,0,0.0,0.0,0.0,,1.904109589041096,48,0.9539573820395738,139,2507,n70,FEASIBILITY,4,73,generated,0.267992
n30s0.7-6.rcp,FEASIBILITY,14.0,15977,15.0,15.0,0.0,2,2.757575757575758,21,0.7518939393939394,91,397,n30,FEASIBILITY,7,33,generated,16087.531987
n10o0.7-3.rcp,SMART_HEURISTIC,3.0,0,0.0,0.0,0.0,,1.4615384615384615,6,0.8205128205128205,19,64,n10,FEASIBILITY,3,13,generated,0.002853
n50os0.8-2.rcp,SMART_HEURISTIC,24.0,0,0.0,0.0,0.0,,3.0943396226415096,45,0.8222060957910015,164,1133,n50,FEASIBILITY,5,53,generated,0.148037
n20o0.7-1.rcp,SMART_HEURISTIC,11.0,0,0.0,0.0,0.0,,2.1739130434782608,15,0.7747035573122529,50,196,n20,FEASIBILITY,5,23,generated,0.014401
n50os0.95-4.rcp,FEASIBILITY,16.0,1,17.0,17.0,0.0,2,1.6603773584905661,28,0.9550072568940493,88,1316,n50,FEASIBILITY,4,53,generated,5121.581121
n50os0.7-4.rcp,SMART_HEURISTIC,26.0,0,0.0,0.0,0.0,,3.7358490566037736,43,0.7329462989840348,198,1010,n50,FEASIBILITY,9,53,generated,0.148507
n40os0.8-2.rcp,SMART_HEURISTIC,18.0,0,0.0,0.0,0.0,,2.488372093023256,32,0.8272425249169435,107,747,n40,FEASIBILITY,5,43,generated,0.07667
n70os0.7-10.rcp,SMART_HEURISTIC,33.0,0,0.0,0.0,0.0,,4.410958904109589,62,0.724124809741248,322,1903,n70,FEASIBILITY,10,73,generated,0.45987
esc12.sop.ajn.txt,FEASIBILITY,5.0,1,6.0,6.0,0.0,2,1.3076923076923077,2,0.2948717948717949,17,23,sop,FEASIBILITY,4,13,sop,4.044927
p43.2.sop.ajn.txt,FEASIBILITY,3.0,1,4.0,4.0,0.0,2,1.0465116279069768,3,0.08416389811738649,45,76,sop,FEASIBILITY,2,43,sop,11.742117
n70os0.2-6.rcp,SMART_HEURISTIC,45.0,0,0.0,0.0,0.0,,5.1506849315068495,39,0.2648401826484018,376,696,n70,FEASIBILITY,21,73,generated,0.417891
n30s0.7-8.rcp,SMART_HEURISTIC,13.0,0,0.0,0.0,0.0,,2.909090909090909,25,0.7518939393939394,96,397,n30,FEASIBILITY,6,33,generated,0.033857
n10o0.8-4.rcp,FEASIBILITY,3.0,0,4.0,4.0,0.0,2,1.3076923076923077,4,0.8846153846153846,17,69,n10,FEASIBILITY,3,13,generated,0.112568
kro124p.3.sop.ajn.txt,SMART_HEURISTIC,23.0,0,0.0,0.0,0.0,,1.3,25,0.07373737373737374,130,365,sop,FEASIBILITY,4,100,sop,0.101985
n30os0.95-9.rcp,SMART_HEURISTIC,8.0,0,0.0,0.0,0.0,,1.393939393939394,14,0.9583333333333334,46,506,n30,FEASIBILITY,2,33,generated,0.018538
n30os0.9-7.rcp,SMART_HEURISTIC,12.0,0,0.0,0.0,0.0,,1.7272727272727273,18,0.9166666666666666,57,484,n30,FEASIBILITY,4,33,generated,0.027282
esc25.sop.ajn.txt,SMART_HEURISTIC,1.0,0,0.0,0.0,0.0,,1.0,1,0.11076923076923077,26,36,sop,FEASIBILITY,2,26,sop,0.002774
n30s0.2-5.rcp,SMART_HEURISTIC,17.0,0,0.0,0.0,0.0,,2.5454545454545454,16,0.3409090909090909,84,180,n30,FEASIBILITY,12,33,generated,0.038284
n20o0.95-2.rcp,FEASIBILITY,5.0,0,6.0,6.0,0.0,2,1.3043478260869565,8,0.9604743083003953,30,243,n20,FEASIBILITY,2,23,generated,1.687299
n50os0.95-9.rcp,SMART_HEURISTIC,16.0,0,0.0,0.0,0.0,,1.5849056603773586,26,0.9550072568940493,84,1316,n50,FEASIBILITY,3,53,generated,0.085767
n70os0.7-9.rcp,SMART_HEURISTIC,35.0,0,0.0,0.0,0.0,,4.219178082191781,61,0.724124809741248,308,1903,n70,FEASIBILITY,9,73,generated,0.481351
p43.2.sop.ajn.txt,SMART_HEURISTIC,3.0,0,0.0,0.0,0.0,,1.0465116279069768,3,0.08416389811738649,45,76,sop,FEASIBILITY,2,43,sop,0.004342
n40os0.7-6.rcp,SMART_HEURISTIC,16.0,0,0.0,0.0,0.0,,2.9302325581395348,33,0.7408637873754153,126,669,n40,FEASIBILITY,7,43,generated,0.067824
n30os0.95-4.rcp,SMART_HEURISTIC,9.0,0,0.0,0.0,0.0,,1.4545454545454546,15,0.9583333333333334,48,506,n30,FEASIBILITY,3,33,generated,0.020098
n10os0.9-2.rcp,SMART_HEURISTIC,3.0,0,0.0,0.0,0.0,,1.3076923076923077,5,0.9358974358974359,17,73,n10,FEASIBILITY,2,13,generated,0.002527
n70os0.9-10.rcp,SMART_HEURISTIC,28.0,0,0.0,0.0,0.0,,2.493150684931507,60,0.9079147640791476,182,2386,n70,FEASIBILITY,5,73,generated,0.299199
n20o0.7-4.rcp,SMART_HEURISTIC,10.0,0,0.0,0.0,0.0,,1.8695652173913044,13,0.7747035573122529,43,196,n20,FEASIBILITY,6,23,generated,0.012369
ry48p.1.sop.ajn.txt,SMART_HEURISTIC,1.0,0,0.0,0.0,0.0,,1.0,1,0.05230496453900709,48,59,sop,FEASIBILITY,2,48,sop,0.003761
n50os0.8-8.rcp,SMART_HEURISTIC,19.0,0,0.0,0.0,0.0,,2.69811320754717,43,0.8222060957910015,143,1133,n50,FEASIBILITY,5,53,generated,0.106146
n60os0.9-7.rcp,SMART_HEURISTIC,24.0,0,0.0,0.0,0.0,,2.253968253968254,46,0.9093701996927803,142,1776,n60,FEASIBILITY,5,63,generated,0.184727
n40os0.2-7.rcp,SMART_HEURISTIC,26.0,0,0.0,0.0,0.0,,3.2325581395348837,20,0.3089700996677741,139,279,n40,FEASIBILITY,14,43,generated,0.10197
n40os0.5-3.rcp,SMART_HEURISTIC,24.0,0,0.0,0.0,0.0,,4.441860465116279,30,0.5681063122923588,191,513,n40,FEASIBILITY,10,43,generated,0.103485
n50os0.9-4.rcp,SMART_HEURISTIC,21.0,0,0.0,0.0,0.0,,2.056603773584906,41,0.9107402031930334,109,1255,n50,FEASIBILITY,4,53,generated,0.131077
n50os0.5-1.rcp,SMART_HEURISTIC,26.0,0,0.0,0.0,0.0,,4.39622641509434,39,0.5551523947750363,233,765,n50,FEASIBILITY,10,53,generated,0.149649
n30s0.7-5.rcp,FEASIBILITY,12.0,10092,13.0,13.0,0.0,2,2.6666666666666665,22,0.7518939393939394,88,397,n30,FEASIBILITY,6,33,generated,4902.676185
n10os0.9-5.rcp,FEASIBILITY,3.0,0,4.0,4.0,0.0,2,1.3076923076923077,5,0.9358974358974359,17,73,n10,FEASIBILITY,2,13,generated,0.1225
n10o0.95-9.rcp,FEASIBILITY,2.0,0,3.0,3.0,0.0,2,1.0769230769230769,2,0.9615384615384616,14,75,n10,FEASIBILITY,2,13,generated,0.049899
n70os0.2-2.rcp,SMART_HEURISTIC,48.0,0,0.0,0.0,0.0,,5.123287671232877,37,0.2648401826484018,374,696,n70,FEASIBILITY,20,73,generated,0.465687
n50os0.95-6.rcp,FEASIBILITY,17.0,377,18.0,18.0,0.0,2,1.5849056603773586,27,0.9550072568940493,84,1316,n50,FEASIBILITY,4,53,generated,6185.538083
n20o0.8-3.rcp,FEASIBILITY,8.0,1,9.0,9.0,0.0,2,1.7391304347826086,10,0.849802371541502,40,215,n20,FEASIBILITY,4,23,generated,28.814151
p43.3.sop.ajn.txt,SMART_HEURISTIC,8.0,0,0.0,0.0,0.0,,1.2325581395348837,8,0.15282392026578073,53,138,sop,FEASIBILITY,4,43,sop,0.009813
n60os0.9-2.rcp,SMART_HEURISTIC,28.0,0,0.0,0.0,0.0,,2.5396825396825395,51,0.9093701996927803,160,1776,n60,FEASIBILITY,5,63,generated,0.222236
n50os0.2-5.rcp,SMART_HEURISTIC,28.0,0,0.0,0.0,0.0,,3.5283018867924527,28,0.2888243831640058,187,398,n50,FEASIBILITY,16,53,generated,0.175701
n30s0.8-3.rcp,SMART_HEURISTIC,11.0,0,0.0,0.0,0.0,,2.1818181818181817,23,0.8352272727272727,72,441,n30,FEASIBILITY,5,33,generated,0.027557
n20o0.8-6.rcp,FEASIBILITY,7.0,1,8.0,8.0,0.0,2,1.826086956521739,15,0.849802371541502,42,215,n20,FEASIBILITY,4,23,generated,8.651722
n70os0.9-2.rcp,SMART_HEURISTIC,28.0,0,0.0,0.0,0.0,,2.5342465753424657,63,0.9079147640791476,185,2386,n70,FEASIBILITY,5,73,generated,0.32694
n30s0.2-4.rcp,SMART_HEURISTIC,16.0,0,0.0,0.0,0.0,,2.727272727272727,14,0.3409090909090909,90,180,n30,FEASIBILITY,10,33,generated,0.042696
n10o0.5-10.rcp,FEASIBILITY,4.0,0,5.0,5.0,0.0,2,1.6923076923076923,6,0.7051282051282052,22,55,n10,FEASIBILITY,4,13,generated,0.307269
n10o0.5-1.rcp,SMART_HEURISTIC,5.0,0,0.0,0.0,0.0,,1.5384615384615385,7,0.7051282051282052,20,55,n10,FEASIBILITY,3,13,generated,0.004004
n70os0.5-3.rcp,SMART_HEURISTIC,41.0,0,0.0,0.0,0.0,,5.424657534246576,51,0.5403348554033486,396,1420,n70,FEASIBILITY,14,73,generated,0.42514
n50os0.95-7.rcp,SMART_HEURISTIC,17.0,0,0.0,0.0,0.0,,1.7547169811320755,26,0.9550072568940493,93,1316,n50,FEASIBILITY,5,53,generated,0.092311
n50os0.9-4.rcp,FEASIBILITY,19.0,6333,20.0,20.0,0.0,2,2.056603773584906,41,0.9107402031930334,109,1255,n50,FEASIBILITY,4,53,generated,25685.832564
n20o0.8-7.rcp,FEASIBILITY,7.0,0,8.0,8.0,0.0,2,1.6956521739130435,13,0.849802371541502,39,215,n20,FEASIBILITY,3,23,generated,10.597415
n10o0.7-2.rcp,FEASIBILITY,2.0,0,3.0,3.0,0.0,2,1.3076923076923077,4,0.8205128205128205,17,64,n10,FEASIBILITY,3,13,generated,0.041341
n60os0.8-7.rcp,SMART_HEURISTIC,32.0,0,0.0,0.0,0.0,,3.5238095238095237,54,0.8187403993855606,222,1599,n60,FEASIBILITY,7,63,generated,0.294452
n10o0.8-3.rcp,SMART_HEURISTIC,3.0,0,0.0,0.0,0.0,,1.3076923076923077,5,0.8846153846153846,17,69,n10,FEASIBILITY,2,13,generated,0.002769
n10os0.9-7.rcp,FEASIBILITY,3.0,0,4.0,4.0,0.0,2,1.2307692307692308,4,0.9358974358974359,16,73,n10,FEASIBILITY,2,13,generated,0.123603
n20o0.95-1.rcp,SMART_HEURISTIC,3.0,0,0.0,0.0,0.0,,1.1304347826086956,3,0.9604743083003953,26,243,n20,FEASIBILITY,3,23,generated,0.00521
n60os0.8-3.rcp,SMART_HEURISTIC,30.0,0,0.0,0.0,0.0,,3.238095238095238,52,0.8187403993855606,204,1599,n60,FEASIBILITY,7,63,generated,0.253877
n20o0.95-3.rcp,FEASIBILITY,5.0,0,6.0,6.0,0.0,2,1.2608695652173914,7,0.9604743083003953,29,243,n20,FEASIBILITY,2,23,generated,1.845578
n20o0.9-4.rcp,FEASIBILITY,8.0,1,9.0,9.0,0.0,2,1.5217391304347827,9,0.924901185770751,35,234,n20,FEASIBILITY,3,23,generated,22.182424
n50os0.9-5.rcp,FEASIBILITY,19.0,5060,20.0,20.0,0.0,2,2.169811320754717,33,0.9107402031930334,115,1255,n50,FEASIBILITY,5,53,generated,18357.316956
n50os0.9-2.rcp,FEASIBILITY,18.0,1534,19.0,19.0,0.0,2,2.2452830188679247,44,0.9107402031930334,119,1255,n50,FEASIBILITY,4,53,generated,18571.808192
n50os0.8-1.rcp,SMART_HEURISTIC,24.0,0,0.0,0.0,0.0,,2.981132075471698,41,0.8222060957910015,158,1133,n50,FEASIBILITY,6,53,generated,0.135361
n70os0.7-5.rcp,SMART_HEURISTIC,33.0,0,0.0,0.0,0.0,,4.136986301369863,59,0.724124809741248,302,1903,n70,FEASIBILITY,8,73,generated,0.402858
n30s0.5-7.rcp,FEASIBILITY,11.0,19717,12.0,12.0,0.0,2,2.8181818181818183,22,0.5871212121212122,93,310,n30,FEASIBILITY,7,33,generated,25162.447741
n20o0.7-8.rcp,SMART_HEURISTIC,8.0,0,0.0,0.0,0.0,,2.0869565217391304,14,0.7747035573122529,48,196,n20,FEASIBILITY,5,23,generated,0.010608
n70os0.5-10.rcp,SMART_HEURISTIC,38.0,0,0.0,0.0,0.0,,5.561643835616438,54,0.5403348554033486,406,1420,n70,FEASIBILITY,13,73,generated,0.425384
n60os0.5-1.rcp,SMART_HEURISTIC,32.0,0,0.0,0.0,0.0,,5.222222222222222,41,0.5468509984639017,329,1068,n60,FEASIBILITY,13,63,generated,0.245409
n20o0.7-4.rcp,FEASIBILITY,9.0,1,10.0,10.0,0.0,2,1.8695652173913044,13,0.7747035573122529,43,196,n20,FEASIBILITY,6,23,generated,74.367356
n10o0.5-2.rcp,SMART_HEURISTIC,5.0,0,0.0,0.0,0.0,,1.5384615384615385,5,0.7051282051282052,20,55,n10,FEASIBILITY,3,13,generated,0.003916
n70os0.7-1.rcp,SMART_HEURISTIC,37.0,0,0.0,0.0,0.0,,4.575342465753424,57,0.724124809741248,334,1903,n70,FEASIBILITY,10,73,generated,0.495231
rbg341a.sop.ajn.txt,SMART_HEURISTIC,243.0,0,0.0,0.0,0.0,,7.444444444444445,311,0.9371130661453242,2546,54644,sop,FEASIBILITY,22,342,sop,326.30454
n30s0.8-1.rcp,FEASIBILITY,11.0,951,12.0,12.0,0.0,2,2.121212121212121,20,0.8352272727272727,70,441,n30,FEASIBILITY,4,33,generated,641.248507
n20o0.9-9.rcp,FEASIBILITY,5.0,0,6.0,6.0,0.0,2,1.3478260869565217,7,0.924901185770751,31,234,n20,FEASIBILITY,3,23,generated,1.875634
n10o0.7-6.rcp,SMART_HEURISTIC,3.0,0,0.0,0.0,0.0,,1.3076923076923077,4,0.8205128205128205,17,64,n10,FEASIBILITY,3,13,generated,0.00309
n20o0.5-3.rcp,FEASIBILITY,8.0,156,9.0,9.0,0.0,2,2.4347826086956523,13,0.6245059288537549,56,158,n20,FEASIBILITY,5,23,generated,101.049853
n70os0.95-10.rcp,SMART_HEURISTIC,25.0,0,0.0,0.0,0.0,,1.8904109589041096,48,0.9539573820395738,138,2507,n70,FEASIBILITY,5,73,generated,0.224843
p43.1.sop.ajn.txt,SMART_HEURISTIC,3.0,0,0.0,0.0,0.0,,1.0465116279069768,3,0.058693244739756366,45,53,sop,FEASIBILITY,2,43,sop,0.004431
n60os0.8-6.rcp,SMART_HEURISTIC,27.0,0,0.0,0.0,0.0,,3.0952380952380953,54,0.8187403993855606,195,1599,n60,FEASIBILITY,8,63,generated,0.247126
n30s0.8-10.rcp,SMART_HEURISTIC,14.0,0,0.0,0.0,0.0,,2.4242424242424243,24,0.8352272727272727,80,441,n30,FEASIBILITY,5,33,generated,0.034239
n10o0.95-1.rcp,FEASIBILITY,3.0,0,4.0,4.0,0.0,2,1.3076923076923077,5,0.9615384615384616,17,75,n10,FEASIBILITY,2,13,generated,0.123664
esc07.sop.ajn.txt,FEASIBILITY,2.0,0,3.0,3.0,0.0,2,1.125,1,0.5,9,14,sop,FEASIBILITY,3,8,sop,0.023121
n40os0.2-1.rcp,SMART_HEURISTIC,25.0,0,0.0,0.0,0.0,,3.627906976744186,23,0.3089700996677741,156,279,n40,FEASIBILITY,21,43,generated,0.1152
n40os0.8-3.rcp,SMART_HEURISTIC,16.0,0,0.0,0.0,0.0,,2.372093023255814,32,0.8272425249169435,102,747,n40,FEASIBILITY,5,43,generated,0.064847
n60os0.9-6.rcp,SMART_HEURISTIC,24.0,0,0.0,0.0,0.0,,2.4603174603174605,47,0.9093701996927803,155,1776,n60,FEASIBILITY,5,63,generated,0.194969
n20o0.8-1.rcp,SMART_HEURISTIC,7.0,0,0.0,0.0,0.0,,1.826086956521739,13,0.849802371541502,42,215,n20,FEASIBILITY,4,23,generated,0.00952
n50os0.5-8.rcp,SMART_HEURISTIC,26.0,0,0.0,0.0,0.0,,4.471698113207547,33,0.5551523947750363,237,765,n50,FEASIBILITY,13,53,generated,0.132361
n10o0.7-1.rcp,SMART_HEURISTIC,3.0,0,0.0,0.0,0.0,,1.3076923076923077,3,0.8205128205128205,17,64,n10,FEASIBILITY,4,13,generated,0.002624
n60os0.2-6.rcp,SMART_HEURISTIC,40.0,0,0.0,0.0,0.0,,4.301587301587301,31,0.2749615975422427,271,537,n60,FEASIBILITY,17,63,generated,0.280274
esc78.sop.ajn.txt,FEASIBILITY,0.0,0,1.0,1.0,0.0,2,0.9873417721518988,0,0.11716975008114248,78,361,sop,FEASIBILITY,1,79,sop,0.028661
n10o0.7-9.rcp,SMART_HEURISTIC,4.0,0,0.0,0.0,0.0,,1.6153846153846154,7,0.8205128205128205,21,64,n10,FEASIBILITY,3,13,generated,0.002902
n70os0.8-10.rcp,SMART_HEURISTIC,32.0,0,0.0,0.0,0.0,,3.4657534246575343,62,0.8162100456621004,253,2145,n70,FEASIBILITY,7,73,generated,0.441375
ft53.3.sop.ajn.txt,SMART_HEURISTIC,14.0,0,0.0,0.0,0.0,,1.3018867924528301,12,0.19521044992743106,69,269,sop,FEASIBILITY,5,53,sop,0.030051
n40os0.9-10.rcp,SMART_HEURISTIC,15.0,0,0.0,0.0,0.0,,1.8837209302325582,26,0.9136212624584718,81,825,n40,FEASIBILITY,4,43,generated,0.060883
n10o0.8-9.rcp,SMART_HEURISTIC,4.0,0,0.0,0.0,0.0,,1.5384615384615385,8,0.8846153846153846,20,69,n10,FEASIBILITY,2,13,generated,0.003333
n20o0.7-2.rcp,SMART_HEURISTIC,9.0,0,0.0,0.0,0.0,,1.7826086956521738,11,0.7747035573122529,41,196,n20,FEASIBILITY,5,23,generated,0.010636
rbg150a.sop.ajn.txt,SMART_HEURISTIC,107.0,0,0.0,0.0,0.0,,6.370860927152318,140,0.9257395143487859,962,10484,sop,FEASIBILITY,13,151,sop,13.672197
n50os0.8-5.rcp,SMART_HEURISTIC,23.0,0,0.0,0.0,0.0,,2.7735849056603774,42,0.8222060957910015,147,1133,n50,FEASIBILITY,6,53,generated,0.130786
n50os0.7-5.rcp,SMART_HEURISTIC,24.0,0,0.0,0.0,0.0,,3.6037735849056602,42,0.7329462989840348,191,1010,n50,FEASIBILITY,8,53,generated,0.148465
n20o0.9-1.rcp,FEASIBILITY,7.0,0,8.0,8.0,0.0,2,1.5217391304347827,11,0.924901185770751,35,234,n20,FEASIBILITY,3,23,generated,8.140727
n30os0.95-8.rcp,SMART_HEURISTIC,8.0,0,0.0,0.0,0.0,,1.3636363636363635,10,0.9583333333333334,45,506,n30,FEASIBILITY,3,33,generated,0.017608
n10o0.8-10.rcp,FEASIBILITY,4.0,0,5.0,5.0,0.0,2,1.3846153846153846,4,0.8846153846153846,18,69,n10,FEASIBILITY,3,13,generated,0.288029
n10o0.5-3.rcp,SMART_HEURISTIC,5.0,0,0.0,0.0,0.0,,1.7692307692307692,7,0.7051282051282052,23,55,n10,FEASIBILITY,4,13,generated,0.003826
n30os0.9-5.rcp,FEASIBILITY,10.0,1,11.0,11.0,0.0,2,1.606060606060606,17,0.9166666666666666,53,484,n30,FEASIBILITY,3,33,generated,308.550528
n20o0.95-5.rcp,FEASIBILITY,5.0,0,6.0,6.0,0.0,2,1.2173913043478262,6,0.9604743083003953,28,243,n20,FEASIBILITY,2,23,generated,2.149845
n10o0.95-5.rcp,FEASIBILITY,2.0,0,3.0,3.0,0.0,2,1.0769230769230769,2,0.9615384615384616,14,75,n10,FEASIBILITY,2,13,generated,0.049064
ft70.1.sop.ajn.txt,FEASIBILITY,3.0,1,4.0,4.0,0.0,2,1.0285714285714285,3,0.03561076604554866,72,86,sop,FEASIBILITY,2,70,sop,28.963603
n40os0.9-9.rcp,SMART_HEURISTIC,16.0,0,0.0,0.0,0.0,,2.0,30,0.9136212624584718,86,825,n40,FEASIBILITY,4,43,generated,0.063985
n50os0.9-3.rcp,FEASIBILITY,17.0,5966,18.0,18.0,0.0,2,2.1132075471698113,36,0.9107402031930334,112,1255,n50,FEASIBILITY,5,53,generated,11195.262699
n60os0.8-1.rcp,SMART_HEURISTIC,28.0,0,0.0,0.0,0.0,,3.0634920634920637,52,0.8187403993855606,193,1599,n60,FEASIBILITY,6,63,generated,0.24103
n50os0.2-7.rcp,SMART_HEURISTIC,29.0,0,0.0,0.0,0.0,,3.9622641509433962,32,0.2888243831640058,210,398,n50,FEASIBILITY,18,53,generated,0.177131
n30s0.8-3.rcp,FEASIBILITY,10.0,37,11.0,11.0,0.0,2,2.1818181818181817,23,0.8352272727272727,72,441,n30,FEASIBILITY,5,33,generated,438.084254
n20o0.8-6.rcp,SMART_HEURISTIC,7.0,0,0.0,0.0,0.0,,1.826086956521739,15,0.849802371541502,42,215,n20,FEASIBILITY,4,23,generated,0.009598
n70os0.2-10.rcp,SMART_HEURISTIC,44.0,0,0.0,0.0,0.0,,5.068493150684931,37,0.2648401826484018,370,696,n70,FEASIBILITY,20,73,generated,0.426406
n20o0.5-8.rcp,FEASIBILITY,8.0,7965,9.0,9.0,0.0,2,2.5217391304347827,13,0.6245059288537549,58,158,n20,FEASIBILITY,7,23,generated,221.507866
n60os0.5-5.rcp,SMART_HEURISTIC,35.0,0,0.0,0.0,0.0,,5.190476190476191,45,0.5468509984639017,327,1068,n60,FEASIBILITY,14,63,generated,0.291525
n20o0.2-10.rcp,SMART_HEURISTIC,10.0,0,0.0,0.0,0.0,,1.9565217391304348,7,0.39920948616600793,45,101,n20,FEASIBILITY,7,23,generated,0.017172
n10o0.95-2.rcp,FEASIBILITY,3.0,0,4.0,4.0,0.0,2,1.2307692307692308,4,0.9615384615384616,16,75,n10,FEASIBILITY,2,13,generated,0.123212
n20o0.5-1.rcp,SMART_HEURISTIC,11.0,0,0.0,0.0,0.0,,2.217391304347826,14,0.6245059288537549,51,158,n20,FEASIBILITY,5,23,generated,0.013207
n60os0.8-10.rcp,SMART_HEURISTIC,26.0,0,0.0,0.0,0.0,,3.0476190476190474,51,0.8187403993855606,192,1599,n60,FEASIBILITY,6,63,generated,0.22158
n10o0.7-10.rcp,SMART_HEURISTIC,4.0,0,0.0,0.0,0.0,,1.7692307692307692,6,0.8205128205128205,23,64,n10,FEASIBILITY,3,13,generated,0.00324
n50os0.7-10.rcp,SMART_HEURISTIC,23.0,0,0.0,0.0,0.0,,3.1320754716981134,41,0.7329462989840348,166,1010,n50,FEASIBILITY,7,53,generated,0.127972
n10o0.2-7.rcp,FEASIBILITY,5.0,1,6.0,6.0,0.0,2,1.6923076923076923,3,0.5384615384615384,22,42,n10,FEASIBILITY,6,13,generated,1.087327
n30s0.5-4.rcp,SMART_HEURISTIC,13.0,0,0.0,0.0,0.0,,3.1515151515151514,22,0.5871212121212122,104,310,n30,FEASIBILITY,7,33,generated,0.032335
n20o0.5-5.rcp,FEASIBILITY,8.0,3824,9.0,9.0,0.0,2,2.217391304347826,12,0.6245059288537549,51,158,n20,FEASIBILITY,6,23,generated,232.108607
n30os0.9-4.rcp,FEASIBILITY,9.0,1,10.0,10.0,0.0,2,1.7878787878787878,21,0.9166666666666666,59,484,n30,FEASIBILITY,3,33,generated,173.895882
n20o0.9-4.rcp,SMART_HEURISTIC,8.0,0,0.0,0.0,0.0,,1.5217391304347827,9,0.924901185770751,35,234,n20,FEASIBILITY,3,23,generated,0.009877
rbg323a.sop.ajn.txt,SMART_HEURISTIC,236.0,0,0.0,0.0,0.0,,7.453703703703703,303,0.9273592477926843,2415,48525,sop,FEASIBILITY,30,324,sop,284.302617
n60os0.95-7.rcp,SMART_HEURISTIC,20.0,0,0.0,0.0,0.0,,1.9047619047619047,41,0.9544290834613415,120,1864,n60,FEASIBILITY,4,63,generated,0.14058
n30s0.5-3.rcp,SMART_HEURISTIC,15.0,0,0.0,0.0,0.0,,2.515151515151515,19,0.5871212121212122,83,310,n30,FEASIBILITY,7,33,generated,0.033026
n40os0.7-3.rcp,SMART_HEURISTIC,18.0,0,0.0,0.0,0.0,,3.255813953488372,31,0.7408637873754153,140,669,n40,FEASIBILITY,8,43,generated,0.07665
n60os0.2-2.rcp,SMART_HEURISTIC,41.0,0,0.0,0.0,0.0,,4.587301587301587,34,0.2749615975422427,289,537,n60,FEASIBILITY,24,63,generated,0.346727
n60os0.95-3.rcp,SMART_HEURISTIC,20.0,0,0.0,0.0,0.0,,1.7142857142857142,35,0.9544290834613415,108,1864,n60,FEASIBILITY,3,63,generated,0.154485
n70os0.9-7.rcp,SMART_HEURISTIC,26.0,0,0.0,0.0,0.0,,2.4794520547945207,64,0.9079147640791476,181,2386,n70,FEASIBILITY,5,73,generated,0.309251
n40os0.5-1.rcp,SMART_HEURISTIC,22.0,0,0.0,0.0,0.0,,4.023255813953488,31,0.5681063122923588,173,513,n40,FEASIBILITY,10,43,generated,0.092116
n10os0.9-4.rcp,FEASIBILITY,3.0,0,4.0,4.0,0.0,2,1.2307692307692308,4,0.9358974358974359,16,73,n10,FEASIBILITY,2,13,generated,0.130445
n30s0.2-6.rcp,SMART_HEURISTIC,18.0,0,0.0,0.0,0.0,,2.515151515151515,13,0.3409090909090909,83,180,n30,FEASIBILITY,12,33,generated,0.042679
n10o0.5-10.rcp,SMART_HEURISTIC,4.0,0,0.0,0.0,0.0,,1.6923076923076923,6,0.7051282051282052,22,55,n10,FEASIBILITY,4,13,generated,0.00375
br17.12.sop.ajn.txt,SMART_HEURISTIC,2.0,0,0.0,0.0,0.0,,1.0588235294117647,2,0.27941176470588236,18,38,sop,FEASIBILITY,2,17,sop,0.002401
n70os0.9-5.rcp,SMART_HEURISTIC,30.0,0,0.0,0.0,0.0,,2.767123287671233,60,0.9079147640791476,202,2386,n70,FEASIBILITY,5,73,generated,0.337431
rbg048a.sop.ajn.txt,SMART_HEURISTIC,32.0,0,0.0,0.0,0.0,,4.0,14,0.42091836734693877,196,495,sop,FEASIBILITY,18,49,sop,0.17033
n60os0.9-9.rcp,SMART_HEURISTIC,23.0,0,0.0,0.0,0.0,,2.3015873015873014,44,0.9093701996927803,145,1776,n60,FEASIBILITY,5,63,generated,0.17242
n50os0.2-3.rcp,SMART_HEURISTIC,34.0,0,0.0,0.0,0.0,,3.9056603773584904,25,0.2888243831640058,207,398,n50,FEASIBILITY,20,53,generated,0.231942
n50os0.9-10.rcp,SMART_HEURISTIC,21.0,0,0.0,0.0,0.0,,2.207547169811321,42,0.9107402031930334,117,1255,n50,FEASIBILITY,4,53,generated,0.111558
n30os0.95-2.rcp,FEASIBILITY,9.0,1,10.0,10.0,0.0,2,1.4545454545454546,14,0.9583333333333334,48,506,n30,FEASIBILITY,3,33,generated,176.864636
rbg378a.sop.ajn.txt,SMART_HEURISTIC,270.0,0,0.0,0.0,0.0,,8.105540897097626,369,0.89295137580098,3072,63963,sop,FEASIBILITY,31,379,sop,495.299549
n50os0.7-9.rcp,SMART_HEURISTIC,25.0,0,0.0,0.0,0.0,,3.4339622641509435,41,0.7329462989840348,182,1010,n50,FEASIBILITY,8,53,generated,0.149468
n20o0.9-10.rcp,SMART_HEURISTIC,7.0,0,0.0,0.0,0.0,,1.5217391304347827,10,0.924901185770751,35,234,n20,FEASIBILITY,3,23,generated,0.008852
n40os0.5-2.rcp,SMART_HEURISTIC,22.0,0,0.0,0.0,0.0,,3.7209302325581395,29,0.5681063122923588,160,513,n40,FEASIBILITY,9,43,generated,0.087728
n30s0.7-9.rcp,FEASIBILITY,12.0,3522,13.0,13.0,0.0,2,2.8181818181818183,25,0.7518939393939394,93,397,n30,FEASIBILITY,5,33,generated,3108.734427
n70os0.2-3.rcp,SMART_HEURISTIC,48.0,0,0.0,0.0,0.0,,5.698630136986301,41,0.2648401826484018,416,696,n70,FEASIBILITY,29,73,generated,0.555323
n10os0.9-5.rcp,SMART_HEURISTIC,3.0,0,0.0,0.0,0.0,,1.3076923076923077,5,0.9358974358974359,17,73,n10,FEASIBILITY,2,13,generated,0.002906
n30os0.95-1.rcp,SMART_HEURISTIC,7.0,0,0.0,0.0,0.0,,1.393939393939394,13,0.9583333333333334,46,506,n30,FEASIBILITY,3,33,generated,0.016426
n10o0.2-1.rcp,FEASIBILITY,5.0,0,6.0,6.0,0.0,2,1.5384615384615385,3,0.5384615384615384,20,42,n10,FEASIBILITY,6,13,generated,0.78826
n70os0.8-1.rcp,SMART_HEURISTIC,32.0,0,0.0,0.0,0.0,,3.191780821917808,55,0.8162100456621004,233,2145,n70,FEASIBILITY,7,73,generated,0.342773
n70os0.95-8.rcp,SMART_HEURISTIC,27.0,0,0.0,0.0,0.0,,1.8904109589041096,44,0.9539573820395738,138,2507,n70,FEASIBILITY,5,73,generated,0.249928
n10o0.2-1.rcp,SMART_HEURISTIC,6.0,0,0.0,0.0,0.0,,1.5384615384615385,3,0.5384615384615384,20,42,n10,FEASIBILITY,6,13,generated,0.007582
n10o0.8-7.rcp,FEASIBILITY,3.0,0,4.0,4.0,0.0,2,1.2307692307692308,4,0.8846153846153846,16,69,n10,FEASIBILITY,2,13,generated,0.137807
n30os0.9-10.rcp,FEASIBILITY,11.0,1,12.0,12.0,0.0,2,1.6666666666666667,18,0.9166666666666666,55,484,n30,FEASIBILITY,3,33,generated,468.53439
n30s0.8-8.rcp,SMART_HEURISTIC,13.0,0,0.0,0.0,0.0,,2.303030303030303,22,0.8352272727272727,76,441,n30,FEASIBILITY,4,33,generated,0.032689
n20o0.7-6.rcp,FEASIBILITY,9.0,1,10.0,10.0,0.0,2,2.4347826086956523,16,0.7747035573122529,56,196,n20,FEASIBILITY,5,23,generated,68.507495
n50os0.95-3.rcp,SMART_HEURISTIC,17.0,0,0.0,0.0,0.0,,1.6603773584905661,27,0.9550072568940493,88,1316,n50,FEASIBILITY,4,53,generated,0.092306
ry48p.3.sop.ajn.txt,SMART_HEURISTIC,12.0,0,0.0,0.0,0.0,,1.2708333333333333,9,0.15868794326241134,61,179,sop,FEASIBILITY,5,48,sop,0.019764
n30s0.7-10.rcp,SMART_HEURISTIC,14.0,0,0.0,0.0,0.0,,2.4545454545454546,23,0.7518939393939394,81,397,n30,FEASIBILITY,6,33,generated,0.033568
n20o0.9-5.rcp,FEASIBILITY,5.0,0,6.0,6.0,0.0,2,1.391304347826087,8,0.924901185770751,32,234,n20,FEASIBILITY,3,23,generated,2.017824
n30os0.9-4.rcp,SMART_HEURISTIC,9.0,0,0.0,0.0,0.0,,1.7878787878787878,21,0.9166666666666666,59,484,n30,FEASIBILITY,3,33,generated,0.02176
n20o0.9-5.rcp,SMART_HEURISTIC,5.0,0,0.0,0.0,0.0,,1.391304347826087,8,0.924901185770751,32,234,n20,FEASIBILITY,3,23,generated,0.007128
n50os0.9-8.rcp,SMART_HEURISTIC,20.0,0,0.0,0.0,0.0,,2.1320754716981134,35,0.9107402031930334,113,1255,n50,FEASIBILITY,5,53,generated,0.102144
n10os0.9-8.rcp,FEASIBILITY,3.0,0,4.0,4.0,0.0,2,1.3076923076923077,5,0.9358974358974359,17,73,n10,FEASIBILITY,2,13,generated,0.13072
n10os0.9-9.rcp,FEASIBILITY,3.0,0,4.0,4.0,0.0,2,1.1538461538461537,2,0.9358974358974359,15,73,n10,FEASIBILITY,3,13,generated,0.11994
n60os0.7-10.rcp,SMART_HEURISTIC,29.0,0,0.0,0.0,0.0,,3.873015873015873,50,0.728110599078341,244,1422,n60,FEASIBILITY,9,63,generated,0.268318
n20o0.2-1.rcp,SMART_HEURISTIC,10.0,0,0.0,0.0,0.0,,2.0869565217391304,7,0.39920948616600793,48,101,n20,FEASIBILITY,8,23,generated,0.013918
n10o0.5-6.rcp,SMART_HEURISTIC,4.0,0,0.0,0.0,0.0,,1.6923076923076923,6,0.7051282051282052,22,55,n10,FEASIBILITY,4,13,generated,0.003228
n10o0.2-4.rcp,FEASIBILITY,6.0,1,7.0,7.0,0.0,2,1.4615384615384615,3,0.5384615384615384,19,42,n10,FEASIBILITY,4,13,generated,5.986883
n20o0.95-9.rcp,SMART_HEURISTIC,5.0,0,0.0,0.0,0.0,,1.3043478260869565,8,0.9604743083003953,30,243,n20,FEASIBILITY,2,23,generated,0.007146
n50os0.9-9.rcp,SMART_HEURISTIC,19.0,0,0.0,0.0,0.0,,2.169811320754717,36,0.9107402031930334,115,1255,n50,FEASIBILITY,4,53,generated,0.095156
n10o0.8-6.rcp,SMART_HEURISTIC,4.0,0,0.0,0.0,0.0,,1.5384615384615385,7,0.8846153846153846,20,69,n10,FEASIBILITY,3,13,generated,0.003204
n30s0.7-3.rcp,SMART_HEURISTIC,14.0,0,0.0,0.0,0.0,,2.757575757575758,22,0.7518939393939394,91,397,n30,FEASIBILITY,5,33,generated,0.034001
n60os0.95-9.rcp,SMART_HEURISTIC,22.0,0,0.0,0.0,0.0,,1.8571428571428572,38,0.9544290834613415,117,1864,n60,FEASIBILITY,4,63,generated,0.162505
n10o0.95-3.rcp,FEASIBILITY,2.0,0,3.0,3.0,0.0,2,1.0769230769230769,2,0.9615384615384616,14,75,n10,FEASIBILITY,2,13,generated,0.050149
n20o0.5-5.rcp,SMART_HEURISTIC,8.0,0,0.0,0.0,0.0,,2.217391304347826,12,0.6245059288537549,51,158,n20,FEASIBILITY,6,23,generated,0.010524
n20o0.95-4.rcp,FEASIBILITY,4.0,0,5.0,5.0,0.0,2,1.173913043478261,5,0.9604743083003953,27,243,n20,FEASIBILITY,2,23,generated,0.894607
n40os0.7-5.rcp,SMART_HEURISTIC,19.0,0,0.0,0.0,0.0,,2.8372093023255816,32,0.7408637873754153,122,669,n40,FEASIBILITY,6,43,generated,0.080197
n20o0.95-3.rcp,SMART_HEURISTIC,5.0,0,0.0,0.0,0.0,,1.2608695652173914,7,0.9604743083003953,29,243,n20,FEASIBILITY,2,23,generated,0.007133
n30os0.9-3.rcp,SMART_HEURISTIC,10.0,0,0.0,0.0,0.0,,1.5757575757575757,13,0.9166666666666666,52,484,n30,FEASIBILITY,4,33,generated,0.022819
rbg050c.sop.ajn.txt,SMART_HEURISTIC,33.0,0,0.0,0.0,0.0,,5.078431372549019,46,0.4376470588235294,259,558,sop,FEASIBILITY,20,51,sop,0.37828
n20o0.2-5.rcp,SMART_HEURISTIC,12.0,0,0.0,0.0,0.0,,2.1739130434782608,10,0.39920948616600793,50,101,n20,FEASIBILITY,9,23,generated,0.015603
n10o0.95-3.rcp,SMART_HEURISTIC,2.0,0,0.0,0.0,0.0,,1.0769230769230769,2,0.9615384615384616,14,75,n10,FEASIBILITY,2,13,generated,0.002071
n30os0.95-3.rcp,FEASIBILITY,9.0,1,10.0,10.0,0.0,2,1.4545454545454546,15,0.9583333333333334,48,506,n30,FEASIBILITY,3,33,generated,169.612874
n10os0.9-1.rcp,FEASIBILITY,3.0,0,4.0,4.0,0.0,2,1.2307692307692308,4,0.9358974358974359,16,73,n10,FEASIBILITY,2,13,generated,0.123603
n30os0.95-9.rcp,FEASIBILITY,8.0,1,9.0,9.0,0.0,2,1.393939393939394,14,0.9583333333333334,46,506,n30,FEASIBILITY,2,33,generated,92.666009
n20o0.9-7.rcp,FEASIBILITY,7.0,0,8.0,8.0,0.0,2,1.4782608695652173,12,0.924901185770751,34,234,n20,FEASIBILITY,2,23,generated,7.863179
n40os0.9-2.rcp,SMART_HEURISTIC,15.0,0,0.0,0.0,0.0,,1.8837209302325582,26,0.9136212624584718,81,825,n40,FEASIBILITY,4,43,generated,0.056604
n40os0.5-4.rcp,SMART_HEURISTIC,20.0,0,0.0,0.0,0.0,,3.441860465116279,29,0.5681063122923588,148,513,n40,FEASIBILITY,10,43,generated,0.084182
n20o0.5-7.rcp,FEASIBILITY,7.0,1120,8.0,8.0,0.0,2,2.260869565217391,11,0.6245059288537549,52,158,n20,FEASIBILITY,5,23,generated,68.777543
n30s0.2-8.rcp,SMART_HEURISTIC,18.0,0,0.0,0.0,0.0,,2.878787878787879,15,0.3409090909090909,95,180,n30,FEASIBILITY,14,33,generated,0.044763
n20o0.95-5.rcp,SMART_HEURISTIC,5.0,0,0.0,0.0,0.0,,1.2173913043478262,6,0.9604743083003953,28,243,n20,FEASIBILITY,2,23,generated,0.007028
n10o0.5-6.rcp,FEASIBILITY,4.0,0,5.0,5.0,0.0,2,1.6923076923076923,6,0.7051282051282052,22,55,n10,FEASIBILITY,4,13,generated,0.29009
n30os0.95-5.rcp,SMART_HEURISTIC,6.0,0,0.0,0.0,0.0,,1.3333333333333333,11,0.9583333333333334,44,506,n30,FEASIBILITY,3,33,generated,0.014554
n70os0.5-8.rcp,SMART_HEURISTIC,44.0,0,0.0,0.0,0.0,,5.52054794520548,52,0.5403348554033486,403,1420,n70,FEASIBILITY,15,73,generated,0.463833
n20o0.7-3.rcp,FEASIBILITY,8.0,1,9.0,9.0,0.0,2,1.826086956521739,13,0.7747035573122529,42,196,n20,FEASIBILITY,4,23,generated,31.430547
n10o0.5-8.rcp,FEASIBILITY,5.0,0,6.0,6.0,0.0,2,1.8461538461538463,5,0.7051282051282052,24,55,n10,FEASIBILITY,4,13,generated,0.889114
n20o0.8-2.rcp,FEASIBILITY,8.0,1,9.0,9.0,0.0,2,1.826086956521739,11,0.849802371541502,42,215,n20,FEASIBILITY,3,23,generated,28.204149
n30os0.9-6.rcp,FEASIBILITY,8.0,1,9.0,9.0,0.0,2,1.6666666666666667,18,0.9166666666666666,55,484,n30,FEASIBILITY,3,33,generated,97.1185
n70os0.95-5.rcp,SMART_HEURISTIC,25.0,0,0.0,0.0,0.0,,1.917808219178082,49,0.9539573820395738,140,2507,n70,FEASIBILITY,4,73,generated,0.240645
n10o0.7-7.rcp,SMART_HEURISTIC,5.0,0,0.0,0.0,0.0,,1.4615384615384615,3,0.8205128205128205,19,64,n10,FEASIBILITY,4,13,generated,0.003352
n40os0.8-6.rcp,SMART_HEURISTIC,19.0,0,0.0,0.0,0.0,,2.5348837209302326,33,0.8272425249169435,109,747,n40,FEASIBILITY,5,43,generated,0.081757
n60os0.9-10.rcp,SMART_HEURISTIC,25.0,0,0.0,0.0,0.0,,2.238095238095238,47,0.9093701996927803,141,1776,n60,FEASIBILITY,5,63,generated,0.190161
n10o0.2-5.rcp,FEASIBILITY,6.0,1,7.0,7.0,0.0,2,1.3846153846153846,3,0.5384615384615384,18,42,n10,FEASIBILITY,4,13,generated,6.246811
n10o0.8-3.rcp,FEASIBILITY,3.0,0,4.0,4.0,0.0,2,1.3076923076923077,5,0.8846153846153846,17,69,n10,FEASIBILITY,2,13,generated,0.129394
n40os0.7-7.rcp,SMART_HEURISTIC,19.0,0,0.0,0.0,0.0,,2.744186046511628,33,0.7408637873754153,118,669,n40,FEASIBILITY,6,43,generated,0.078526
n60os0.7-9.rcp,SMART_HEURISTIC,31.0,0,0.0,0.0,0.0,,3.873015873015873,53,0.728110599078341,244,1422,n60,FEASIBILITY,8,63,generated,0.278154
prob.42.sop.ajn.txt,SMART_HEURISTIC,1.0,0,0.0,0.0,0.0,,1.0,1,0.07195121951219512,41,59,sop,FEASIBILITY,2,41,sop,0.003611
n30s0.7-5.rcp,SMART_HEURISTIC,13.0,0,0.0,0.0,0.0,,2.6666666666666665,22,0.7518939393939394,88,397,n30,FEASIBILITY,6,33,generated,0.032875
n60os0.2-10.rcp,SMART_HEURISTIC,37.0,0,0.0,0.0,0.0,,4.714285714285714,39,0.2749615975422427,297,537,n60,FEASIBILITY,24,63,generated,0.284205
n50os0.8-7.rcp,SMART_HEURISTIC,21.0,0,0.0,0.0,0.0,,2.8867924528301887,43,0.8222060957910015,153,1133,n50,FEASIBILITY,6,53,generated,0.121732
n30s0.8-4.rcp,SMART_HEURISTIC,14.0,0,0.0,0.0,0.0,,2.1818181818181817,23,0.8352272727272727,72,441,n30,FEASIBILITY,4,33,generated,0.035119
esc47.sop.ajn.txt,FEASIBILITY,1.0,0,2.0,2.0,0.0,2,1.0,1,0.0700354609929078,48,79,sop,FEASIBILITY,2,48,sop,0.099558
n70os0.7-6.rcp,SMART_HEURISTIC,32.0,0,0.0,0.0,0.0,,4.205479452054795,58,0.724124809741248,307,1903,n70,FEASIBILITY,9,73,generated,0.402918
n20o0.5-10.rcp,FEASIBILITY,7.0,1,8.0,8.0,0.0,2,1.9130434782608696,12,0.6245059288537549,44,158,n20,FEASIBILITY,7,23,generated,33.214748
n30os0.95-2.rcp,SMART_HEURISTIC,9.0,0,0.0,0.0,0.0,,1.4545454545454546,14,0.9583333333333334,48,506,n30,FEASIBILITY,3,33,generated,0.020356
n20o0.9-8.rcp,FEASIBILITY,5.0,0,6.0,6.0,0.0,2,1.391304347826087,8,0.924901185770751,32,234,n20,FEASIBILITY,3,23,generated,1.882899
esc63.sop.ajn.txt,SMART_HEURISTIC,34.0,0,0.0,0.0,0.0,,2.3125,10,0.14682539682539683,148,296,sop,FEASIBILITY,10,64,sop,0.220432
n10o0.95-4.rcp,SMART_HEURISTIC,2.0,0,0.0,0.0,0.0,,1.0769230769230769,2,0.9615384615384616,14,75,n10,FEASIBILITY,2,13,generated,0.002154
n60os0.7-4.rcp,SMART_HEURISTIC,32.0,0,0.0,0.0,0.0,,3.9365079365079363,48,0.728110599078341,248,1422,n60,FEASIBILITY,9,63,generated,0.273966
n40os0.2-9.rcp,SMART_HEURISTIC,24.0,0,0.0,0.0,0.0,,3.13953488372093,21,0.3089700996677741,135,279,n40,FEASIBILITY,14,43,generated,0.089904
n30s0.7-3.rcp,FEASIBILITY,13.0,4799,14.0,14.0,0.0,2,2.757575757575758,22,0.7518939393939394,91,397,n30,FEASIBILITY,5,33,generated,13124.787364
n60os0.95-8.rcp,SMART_HEURISTIC,23.0,0,0.0,0.0,0.0,,1.9523809523809523,40,0.9544290834613415,123,1864,n60,FEASIBILITY,4,63,generated,0.19464
n20o0.8-5.rcp,SMART_HEURISTIC,7.0,0,0.0,0.0,0.0,,1.7391304347826086,12,0.849802371541502,40,215,n20,FEASIBILITY,4,23,generated,0.00938
n60os0.9-3.rcp,SMART_HEURISTIC,26.0,0,0.0,0.0,0.0,,2.492063492063492,52,0.9093701996927803,157,1776,n60,FEASIBILITY,5,63,generated,0.211664
n10o0.7-8.rcp,SMART_HEURISTIC,3.0,0,0.0,0.0,0.0,,1.3846153846153846,5,0.8205128205128205,18,64,n10,FEASIBILITY,3,13,generated,0.002771
n50os0.2-1.rcp,SMART_HEURISTIC,32.0,0,0.0,0.0,0.0,,3.830188679245283,27,0.2888243831640058,203,398,n50,FEASIBILITY,17,53,generated,0.204209
n20o0.5-6.rcp,SMART_HEURISTIC,10.0,0,0.0,0.0,0.0,,2.4782608695652173,13,0.6245059288537549,57,158,n20,FEASIBILITY,6,23,generated,0.01256
n20o0.9-2.rcp,FEASIBILITY,5.0,0,6.0,6.0,0.0,2,1.5217391304347827,11,0.924901185770751,35,234,n20,FEASIBILITY,3,23,generated,1.524063
n20o0.9-6.rcp,FEASIBILITY,6.0,0,7.0,7.0,0.0,2,1.4782608695652173,11,0.924901185770751,34,234,n20,FEASIBILITY,3,23,generated,3.531349
kro124p.1.sop.ajn.txt,FEASIBILITY,3.0,1,4.0,4.0,0.0,2,1.02,3,0.02666666666666667,102,132,sop,FEASIBILITY,2,100,sop,87.806424
